universe,management,year,trades,net_usd,gross_profit_usd,gross_loss_usd,profit_factor,win_rate,avg_trade_usd,max_drawdown_usd,pnl_to_max_drawdown,stop_hit_count,pt1_hit_count,pt2_hit_count,avg_pt_single_r,avg_pt1_r,avg_pt2_r
all_breakout_long,original_2contract_scaled_after_warmup,2020,58,188.5,5546.5,5358,1.0352,0.5517,3.25,859,0.2194,0,0,0,0.765122,0.436245,0.996922
all_breakout_long,original_2contract_scaled_after_warmup,2021,86,2399.5,10435.5,8036,1.2986,0.5814,27.9012,1077.5,2.2269,0,0,0,0.68478,0.433805,0.912424
all_breakout_long,original_2contract_scaled_after_warmup,2022,90,5644.5,17944.5,12300,1.4589,0.5556,62.7167,1663,3.3942,0,0,0,0.684795,0.432214,0.939026
all_breakout_long,original_2contract_scaled_after_warmup,2023,101,4202.5,13672.5,9470,1.4438,0.5644,41.6089,2834,1.4829,0,0,0,0.755048,0.42556,0.997506
all_breakout_long,original_2contract_scaled_after_warmup,2024,85,3838,13145,9307,1.4124,0.6,45.1529,2266.5,1.6934,0,0,0,0.765624,0.442967,1.052049
all_breakout_long,original_2contract_scaled_after_warmup,2025,81,3981.5,13548.5,9567,1.4162,0.5926,49.1543,3534.5,1.1265,0,0,0,0.764695,0.443361,1.049746
all_breakout_long,original_2contract_scaled_after_warmup,2026,30,4346,7670,3324,2.3075,0.6667,144.8667,735,5.9129,0,0,0,0.760933,0.431974,1.010535
all_breakout_long,single_dynamic_pt_2contracts,2020,58,234.06,5199.06,4965,1.0471,0.6034,4.0356,738.3,0.317,17,21,0,0.765122,,
all_breakout_long,single_dynamic_pt_2contracts,2021,86,471.15,7938.15,7467,1.0631,0.6163,5.4784,1370.77,0.3437,21,35,0,0.68478,,
all_breakout_long,single_dynamic_pt_2contracts,2022,90,2978.83,14752.83,11774,1.253,0.6333,33.0982,3152,0.9451,21,47,0,0.684795,,
all_breakout_long,single_dynamic_pt_2contracts,2023,101,3729.4,12034.4,8305,1.4491,0.6535,36.9248,2280.63,1.6353,26,50,0,0.755048,,
all_breakout_long,single_dynamic_pt_2contracts,2024,85,993.91,10300.91,9307,1.1068,0.6,11.693,2431.09,0.4088,25,35,0,0.765624,,
all_breakout_long,single_dynamic_pt_2contracts,2025,81,4000.07,12974.07,8974,1.4457,0.642,49.3835,2982.73,1.3411,15,35,0,0.764695,,
all_breakout_long,single_dynamic_pt_2contracts,2026,30,4446.16,7521.16,3075,2.4459,0.7,148.2053,774.77,5.7386,5,13,0,0.760933,,
all_breakout_long,two_dynamic_pt_1contract_each,2020,58,21.37,4413.5,4392.13,1.0049,0.6034,0.3684,922.98,0.0232,18,32,15,,0.436245,0.996922
all_breakout_long,two_dynamic_pt_1contract_each,2021,86,1074.91,7276.35,6201.44,1.1733,0.593,12.499,801.62,1.3409,23,49,26,,0.433805,0.912424
all_breakout_long,two_dynamic_pt_1contract_each,2022,90,3508.9,14176.85,10667.95,1.3289,0.6778,38.9878,2542.69,1.38,22,57,38,,0.432214,0.939026
all_breakout_long,two_dynamic_pt_1contract_each,2023,101,3391.73,10139.2,6747.47,1.5027,0.6238,33.5815,1892.28,1.7924,29,74,38,,0.42556,0.997506
all_breakout_long,two_dynamic_pt_1contract_each,2024,85,1211.81,9801.98,8590.17,1.1411,0.6353,14.2566,2448.09,0.495,25,51,28,,0.442967,1.052049
all_breakout_long,two_dynamic_pt_1contract_each,2025,81,3509.56,11352.2,7842.64,1.4475,0.6543,43.3279,2009.5,1.7465,17,53,22,,0.443361,1.049746
all_breakout_long,two_dynamic_pt_1contract_each,2026,30,3870.75,6645.45,2774.7,2.395,0.7333,129.0251,787.76,4.9136,5,21,9,,0.431974,1.010535
prior_down_no_14_plus,original_2contract_scaled_after_warmup,2022,10,1306.5,2208.5,902,2.4484,0.6,130.65,502,2.6026,0,0,0,0.716303,0.469118,1.039248
prior_down_no_14_plus,original_2contract_scaled_after_warmup,2023,35,2384,5208,2824,1.8442,0.5143,68.1143,779,3.0603,0,0,0,0.771382,0.464795,1.058994
prior_down_no_14_plus,original_2contract_scaled_after_warmup,2024,36,1029.5,5310.5,4281,1.2405,0.5556,28.5972,883,1.1659,0,0,0,0.796468,0.460129,1.080615
prior_down_no_14_plus,original_2contract_scaled_after_warmup,2025,31,1710,5951,4241,1.4032,0.5806,55.1613,1843,0.9278,0,0,0,0.803443,0.461384,1.090518
prior_down_no_14_plus,original_2contract_scaled_after_warmup,2026,11,3367,4236,869,4.8746,0.8182,306.0909,470,7.1638,0,0,0,0.774322,0.435492,1.063889
prior_down_no_14_plus,single_dynamic_pt_2contracts,2022,10,1737.82,2137.82,400,5.3446,0.7,173.7824,386,4.5021,1,6,0,0.716303,,
prior_down_no_14_plus,single_dynamic_pt_2contracts,2023,35,2154.4,4725.4,2571,1.838,0.6286,61.5543,544,3.9603,8,20,0,0.771382,,
prior_down_no_14_plus,single_dynamic_pt_2contracts,2024,36,135.32,4416.32,4281,1.0316,0.5556,3.7588,1035.81,0.1306,13,13,0,0.796468,,
prior_down_no_14_plus,single_dynamic_pt_2contracts,2025,31,1964.5,5880.51,3916,1.5017,0.6452,63.3711,1556.54,1.2621,5,13,0,0.803443,,
prior_down_no_14_plus,single_dynamic_pt_2contracts,2026,11,2869.13,3738.13,869,4.3016,0.8182,260.8297,470,6.1045,1,7,0,0.774322,,
prior_down_no_14_plus,two_dynamic_pt_1contract_each,2022,10,1300.69,1820.1,519.4,3.5042,0.7,130.0694,386,3.3697,2,8,3,,0.469118,1.039248
prior_down_no_14_plus,two_dynamic_pt_1contract_each,2023,35,2099.09,4026.06,1926.97,2.0893,0.6286,59.9741,609.15,3.4459,8,26,15,,0.464795,1.058994
prior_down_no_14_plus,two_dynamic_pt_1contract_each,2024,36,389.45,4235.9,3846.45,1.1012,0.5556,10.818,883,0.4411,13,20,11,,0.460129,1.080615
prior_down_no_14_plus,two_dynamic_pt_1contract_each,2025,31,1838.79,4989.53,3150.74,1.5836,0.6452,59.3159,956.97,1.9215,6,21,7,,0.461384,1.090518
prior_down_no_14_plus,two_dynamic_pt_1contract_each,2026,11,2483.23,3352.23,869,3.8576,0.8182,225.7484,470,5.2835,1,9,5,,0.435492,1.063889
