Ticket,Priority,EstimateDays,DependsOn,Summary,ChangeVsV1
APP-01,P0,1.0,,Create greenfield monorepo skeleton,unchanged
APP-02,P0,1.5,APP-01,Define canonical runtime contracts,unchanged
APP-03,P0,1.0,APP-01,Add config system and environment resolution,unchanged
INFRA-01,P0,0.5,INFRA-01B,Revised timestamp verification gate emits reports/infra/infra01_revised_timestamp_gate.json and allows DATA-01 only when data01_eligible=true and route_to=DATA-01,changed / shrunk after canonical exchange-time ADR
INFRA-01B,P0,1.5,APP-02|INFRA-03,Canonical exchange-time ADR and Linux/chrony re-probe path with all-stream coverage non-decreasing exchange time receive-telemetry gate and Databento parity,changed / promoted from contingency to primary path
INFRA-02,P0,0.5,APP-03,Secrets and credentials management (Rithmic / Databento / artifact store),NEW
INFRA-03,P0,1.0,APP-01,"CI pipeline for Python/TypeScript plus lint guard forbidding active imports from legacy_seed, legacy_reference, old src/autotrade, Bookmap, and TradingView paths",NEW / promoted P1->P0 / legacy import guard added in v5
DATA-01,P0,4.0,APP-01|APP-03|INFRA-01,Implement direct Rithmic live provider (R protocol confirmed working per soak),dep changed
DATA-02,P0,2.0,DATA-01,Implement MBP10 book state,unchanged
DATA-03,P0,1.5,DATA-01|DATA-02,Implement authority FSM,unchanged
DATA-04,P0,3.0,DATA-01|DATA-02,Implement microstructure feature engine,unchanged
DATA-05,P0,2.0,DATA-01,Implement snapshot publisher and journals,unchanged
DATA-06,P0,5.0,DATA-01|DATA-03|MNQ-01,"Implement session clock, roll, halt, and rebuild flow with warmup candidate suppression",estimate +1d / dep added / expanded warmup acceptance
DATA-07,P0,0.5,DATA-01,Investigate soak-run gap cluster (11 gaps >1s around t+1610s) and coalescing behavior,NEW / promoted P1->P0 due launch gate gap criterion
DATA-08,P0,1.0,DATA-05|DATA-07,"Data gap detection, classification, and session integrity alarms",NEW / depends on DATA-07 gap taxonomy
DATA-09,P0,0.75,DATA-05,"Disk retention, journal rotation, compression, and artifact storage policy",NEW / promoted P1->P0 for 10-session gate storage safety
EVT-00,P0,0.5,APP-02|APP-03|OBS-01,Sidecar-to-runtime append-only JSONL journal transport using shared folder file-watcher ingest deterministic checkpointing and malformed-line quarantine,NEW / blocks ORCH-02
EVT-01,P0,0.5,EVT-00|OBS-01,Causation-chain ts_ns invariant for derived events,NEW / enforce derived-event timestamp inheritance before ORCH-02
MNQ-01,P0,1.0,APP-03,"MNQ roll calendar source, historical front-month fixture, and roll-window flatten/block policy",NEW / expanded roll policy acceptance
FEAT-01,P0,2.0,APP-02,Port pure indicator engine,unchanged
FEAT-02,P0,2.0,APP-02,Port structure and session-level engines,unchanged
FEAT-03,P0,3.0,FEAT-01|FEAT-02|DATA-04,Build canonical EntryStateVector,unchanged
FEAT-04,P0,4.0,FEAT-03,"Port canonical normalization, dynamic reward, and expectancy extension modules with one shared volatility/sigma model",promoted P1->P0; estimate 3d->4d in v5 due scope split
FEAT-05,P1,2.0,FEAT-01|DATA-04,Add local CVD and HTF zone context,unchanged
STRAT-00,P0,1.0,FEAT-01|FEAT-02,Synthetic feature snapshot fixture to unblock strategy extraction from DATA-04,NEW
STRAT-01,P0,1.0,APP-02,Create clean strategy registry with four baseline strategies only,unchanged
STRAT-02,P0,2.0,STRAT-00|STRAT-01,Extract and refactor trend_pullback_long,dep changed (mock-first)
STRAT-03,P0,2.0,STRAT-00|STRAT-01,Extract and refactor trend_pullback_short,dep changed (mock-first)
STRAT-04,P0,1.5,FEAT-01|FEAT-02|STRAT-01,Extract and refactor breakout_retest_long,unchanged
STRAT-05,P0,1.5,FEAT-01|FEAT-02|STRAT-01,Extract and refactor breakdown_retest_short,unchanged
STRAT-06,P0,2.0,STRAT-02|STRAT-03|STRAT-04|STRAT-05|FEAT-04,Implement candidate ranking and tie-breaking,priority P1->P0 (inversion fix)
STRAT-07,P0,1.0,APP-02|APP-03|STRAT-01,Strategy-level config surface for thresholds (freshness / min-R / room filters),NEW / deps corrected to include contracts and config loader
RISK-01,P0,1.0,,Port contract specs cost model venue config,unchanged
RISK-02,P0,2.0,RISK-01,Port compositional sizing and risk manager,unchanged
RISK-03,P0,0.5,RISK-02,"Daily realized-loss limit, daily max open-trade count, and account-level circuit breaker",NEW / expanded open-trade count
MGMT-01,P0,1.0,,Port management profiles,unchanged
MGMT-02,P0,1.5,MGMT-01,Port target-position model,unchanged
MGMT-03,P0,5.0,RISK-01|MGMT-01,Port and decompose position manager,estimate +1d
MGMT-04,P1,3.0,MGMT-02|MGMT-03,Port management decision engine,unchanged
ORCH-01,P0,1.5,APP-02,Build new event bus and engine container,unchanged
ORCH-02,P0,4.0,ORCH-01|STRAT-06|RISK-02|EVT-00|EVT-01,Build new runner loop after sidecar-to-runtime journal transport and causation-chain timestamp invariants exist,dependency changed / EVT-01 added
SIM-01,P0,2.0,APP-02|RISK-01,Implement simulated execution adapter,dep added
SIM-02,P0,2.0,SIM-01|DATA-01,Implement fill and slippage model,priority P1->P0
SIM-03,P0,1.5,SIM-02|RSRCH-01,Calibrate fill/slippage model to MNQ Databento tick data with KS/percentile/queue-position residual tolerances,NEW / explicit residual tolerances added in v5
ORCH-03,P0,2.0,ORCH-02|SIM-01|MGMT-03,Wire fills to position manager and management engine,unchanged
RSRCH-00,P0,0.5,APP-02|APP-03,Historical continuity policy for 2017+ data: MNQ post-launch plus NQ surrogate domain rules,NEW / closes 2017 pre-MNQ ambiguity
RSRCH-01,P0,4.5,APP-02|APP-03|INFRA-02|RSRCH-00,Implement Databento historical loader since 2017 using MNQ/NQ-surrogate continuity policy and reproducible manifests,dep added; estimate 3d->4.5d in v5 for 2017+ continuity scope
RSRCH-02,P0,3.0,APP-02|RSRCH-01|ORCH-01,Implement replay harness using runtime contracts,unchanged
RSRCH-03,P0,2.0,RSRCH-02|STRAT-06|ORCH-03|SIM-03,Baseline strategy backtest on Databento without ML; defines candidate-count floor file for REL-01 and performance baseline,NEW / calibrated fill dep / candidate-count floor acceptance made explicit in v5
ML-01,P1,1.5,FEAT-03|DATA-04,Create canonical entry feature registry,P0->P1; ML chain non-blocking
ML-02,P1,6.0,RSRCH-02|ML-01|INFRA-01,Build candidate and path labeling pipeline,estimate +2d / P0->P1 / timestamp contract dep added
ML-03,P1,4.0,ML-02,Train opportunity-decay uplift model,P0->P1 (non-blocking)
ML-04,P1,3.0,ML-03,Calibrate evaluate and export artifact with accept/reject gate,P0->P1 / accept gate added
ML-05,P1,2.0,ML-04|STRAT-06,Wire inference into runtime as entry gate and uplift (contingent on ML-04 accept),unchanged
OBS-01,P0,1.5,APP-02,Journaling and metrics schema,unchanged
OBS-00,P0,0.5,OBS-01,"Normalize soak run into a committed mini-journal fixture for formatter, TUI, and replay smoke tests",NEW in v5 / bootstrap fixture for operator surface and replay testing
OBS-02,P0,1.0,DATA-01|ORCH-01,Health endpoint and startup gating,unchanged
OBS-03,P0,2.0,RSRCH-02|OBS-01|ORCH-03|INFRA-01|TUI-02,"Replay parity, byte-identical determinism, and formatter-output parity report",promoted P1->P0; expanded deps; formatter parity added in v4
OBS-04,P1,1.0,OBS-02,Live latency and feed health dashboard,"NEW / remains P1 dashboard, not launch blocker"
TUI-01,P0,1.0,OBS-01,Event-bus contract for operator surfaces,NEW in v4 operator surface
TUI-02,P0,1.5,OBS-01|APP-02|OBS-00,Structured log formatter for live/replay journals with fixture-journal parity smoke,NEW in v4 operator surface / fixture smoke dep added in v5
TUI-03,P0,3.0,TUI-01|TUI-02|OBS-00,Read-only operator TUI dashboard backed by event bus and validated first against fixture journal,NEW in v4 / decoupled from ORCH-02 by OBS-00 fixture in v5
TUI-04,P1,1.0,TUI-02,Journal query CLI for candidate/position provenance,NEW in v4 operator surface / P1 non-blocking
REL-00,P0,1.0,DATA-06|DATA-07|DATA-08|DATA-09|FEAT-04|STRAT-06|RISK-03|MGMT-03|ORCH-03|SIM-03|RSRCH-02|OBS-02|OBS-03|TUI-03|OBS-00,"Mini-gate: 3 replay days plus 1 live RTH session, fixture-backed TUI/formatter smoke before live",NEW / earlier integration gate; fixture-backed operator-surface smoke added in v5
REL-01,P0,2.0,APP-01|APP-02|APP-03|INFRA-01|INFRA-02|INFRA-03|DATA-01|DATA-02|DATA-03|DATA-04|DATA-05|DATA-06|DATA-07|DATA-08|DATA-09|MNQ-01|FEAT-01|FEAT-02|FEAT-03|FEAT-04|STRAT-00|STRAT-01|STRAT-02|STRAT-03|STRAT-04|STRAT-05|STRAT-06|STRAT-07|RISK-01|RISK-02|RISK-03|MGMT-01|MGMT-02|MGMT-03|ORCH-01|ORCH-02|SIM-01|SIM-02|SIM-03|ORCH-03|RSRCH-00|RSRCH-01|RSRCH-02|RSRCH-03|OBS-01|OBS-02|OBS-03|REL-00|TUI-01|TUI-02|TUI-03|OBS-00,"Ten-session sim launch packet with explicit SIM-03 residual tolerances, RSRCH-03 candidate floors, operator TUI, formatter parity, deterministic replay, and gap investigation required; no ML required",ML-* removed; OBS-03/DATA-07/FEAT-04/DATA-09/INFRA-03/RSRCH-00/REL-00/TUI-01/TUI-02/TUI-03/OBS-00 added; SIM/RSRCH tolerances clarified in v5
V2-PF-C-LATE-AM-PAPER-OBSERVATION-2026-06-02-SOURCE-READINESS-01,P1,1.0,V2-PF-C-LATE-AM-PAPER-OBSERVATION-SOURCE-READINESS-WAVE-4,Evaluate 2026-06-02 as a source-complete candidate day for v2 UTC 16-18 paper observation without feature snapshots strategy markers observation-day credit or authority,new_cycle4_v2_research_substrate
V2-PF-C-LATE-AM-PAPER-OBSERVATION-2026-06-02-REGIME-LABEL-SOURCE-INPUTS-EXTEND-01,P1,1.0,V2-PF-C-LATE-AM-PAPER-OBSERVATION-2026-06-02-SOURCE-READINESS-01,Extend scoped 2026-06-02-rth regime-label source inputs using FRED VIX/VXN prior-close continuity without mutating global regime labels or creating feature snapshots strategy markers observation-day credit or authority,new_cycle4_v2_research_substrate
V2-PF-C-LATE-AM-PAPER-OBSERVATION-2026-06-02-REGIME-LABEL-SOURCE-ACQUIRE-01,P1,1.0,V2-PF-C-LATE-AM-PAPER-OBSERVATION-2026-06-02-REGIME-LABEL-SOURCE-INPUTS-EXTEND-01,Acquire scoped 2026-06-02-rth regime-label source artifact from PR304 source inputs without mutating global regime labels or creating feature snapshots strategy markers observation-day credit or authority,new_cycle4_v2_research_substrate
V2-PF-C-LATE-AM-PAPER-OBSERVATION-2026-06-02-FEATURE-SOURCE-RECHECK-01,P1,1.0,V2-PF-C-LATE-AM-PAPER-OBSERVATION-SOURCE-READINESS-WAVE-5,Reconcile merged 2026-06-02 source surfaces from PR #303 #304 #305 and determine whether behavior-bearing causal StrategyFeatureSnapshot inputs are source-ready without feature materialization strategy markers observation-day credit or authority,new_cycle4_v2_research_substrate
V2-PF-C-LATE-AM-PAPER-OBSERVATION-2026-06-02-HALT-ROLL-CALENDAR-SOURCE-EXTEND-01,P1,1.0,V2-PF-C-LATE-AM-PAPER-OBSERVATION-2026-06-02-FEATURE-SOURCE-RECHECK-01,Prove explicit halt and roll calendar source readiness for 2026-06-02 without feature snapshot strategy markers observation-day credit or authority,new_cycle4_v2_research_substrate
V2-PF-C-LATE-AM-PAPER-OBSERVATION-2026-06-02-FEATURE-SNAPSHOT-BUILDER-IMPL-01,P1,1.0,V2-PF-C-LATE-AM-PAPER-OBSERVATION-2026-06-02-HALT-ROLL-CALENDAR-SOURCE-EXTEND-01,Implement a causal source-backed StrategyFeatureSnapshot builder for the bounded 2026-06-02 paper-observation path without STRAT_EVAL candidate order-intent observation-day credit broker live Phase 6 or roster authority,new_cycle4_v2_research_substrate
V2-PF-C-LATE-AM-PAPER-OBSERVATION-2026-06-02-STRAT-EVAL-SMOKE-01,P1,1.0,V2-PF-C-LATE-AM-PAPER-OBSERVATION-STRAT-EVAL-WAVE-1,Smoke the source-backed 2026-06-02 StrategyFeatureSnapshot through the narrow strategy evaluation path and verify STRAT_EVAL while candidate and order intent remain suppressed by the UTC 16-18 exclusion gate with no observation-day credit or authority,new_cycle4_v2_research_substrate
V2-PF-C-LATE-AM-PAPER-OBSERVATION-2026-06-02-CANDIDATE-ELIGIBLE-NON-EXCLUDED-SNAPSHOT-SOURCE-SCOPE-01,P1,1.0,V2-PF-C-LATE-AM-PAPER-OBSERVATION-STRAT-EVAL-WAVE-1,Scope whether 2026-06-02 source surfaces can produce a causal source-backed snapshot that is candidate-eligible before the UTC gate and outside UTC 16-18 without strategy markers observation-day credit or authority,new_cycle4_v2_research_substrate
V2-PF-C-LATE-AM-PAPER-OBSERVATION-2026-06-02-CANDIDATE-ELIGIBLE-SNAPSHOT-BUILDER-IMPL-01,P1,1.0,V2-PF-C-LATE-AM-PAPER-OBSERVATION-2026-06-02-CANDIDATE-ELIGIBLE-NON-EXCLUDED-SNAPSHOT-SOURCE-SCOPE-01,Emit a causal source-backed candidate-eligible 2026-06-02 StrategyFeatureSnapshot for the non-excluded 19:05Z source point without strategy markers observation-day credit or authority,new_cycle4_v2_research_substrate
V2-PF-C-LATE-AM-PAPER-OBSERVATION-2026-06-02-CANDIDATE-STRAT-EVAL-SMOKE-01,P1,1.0,V2-PF-C-LATE-AM-PAPER-OBSERVATION-2026-06-02-CANDIDATE-ELIGIBLE-SNAPSHOT-BUILDER-IMPL-01,Smoke the candidate-eligible 2026-06-02 source-backed StrategyFeatureSnapshot through the narrow strategy evaluation path and verify STRAT_EVAL plus CANDIDATE while ORDER_INTENT and all execution observation-day authority remain suppressed,new_cycle4_v2_research_substrate
V2-PF-C-LATE-AM-PAPER-OBSERVATION-2026-06-02-PAPER-RUNTIME-CANDIDATE-SMOKE-SCOPE-01,P1,1.0,V2-PF-C-LATE-AM-PAPER-OBSERVATION-PAPER-RUNTIME-WAVE-1,Scope whether the 2026-06-02 candidate-emitting source-backed snapshot can enter the dedicated paper-runtime path while preserving order-intent broker-live and observation-day suppression,new_cycle4_v2_research_substrate
V2-PF-C-LATE-AM-PAPER-OBSERVATION-2026-06-02-PAPER-RUNTIME-CANDIDATE-SMOKE-IMPL-01,P1,1.0,V2-PF-C-LATE-AM-PAPER-OBSERVATION-PAPER-RUNTIME-CANDIDATE-SMOKE-01,Implement opt-in paper-runtime stop-after-candidate smoke guard and prove STRAT_EVAL plus CANDIDATE while ORDER_INTENT order translation adapters fills observation-day credit and authority remain suppressed,new_cycle4_v2_research_substrate
V2-PF-C-LATE-AM-PAPER-OBSERVATION-2026-06-02-PAPER-RUNTIME-OBSERVATION-DAY-SCOPE-01,P1,1.0,V2-PF-C-LATE-AM-PAPER-OBSERVATION-PAPER-RUNTIME-ACCOUNTING-01,Scope whether bounded 2026-06-02 paper-runtime candidate smoke evidence can count as an observation day and define the minimum full-session evidence contract without order broker live Phase 6 roster or observation-credit authority,new_cycle4_v2_research_substrate
V2-PF-C-LATE-AM-PAPER-OBSERVATION-2026-06-02-FULL-SESSION-RUNTIME-SCOPE-01,P1,1.0,V2-PF-C-LATE-AM-PAPER-OBSERVATION-2026-06-02-PAPER-RUNTIME-OBSERVATION-DAY-SCOPE-01,Scope the minimum bounded full-session paper-runtime evidence contract required before 2026-06-02 observation-day accounting implementation may be authorized without order broker live Phase 6 roster or observation-credit authority,new_cycle4_v2_research_substrate
V2-PF-C-LATE-AM-PAPER-OBSERVATION-2026-06-02-FULL-SESSION-RUNTIME-IMPL-01,P1,1.0,V2-PF-C-LATE-AM-PAPER-OBSERVATION-2026-06-02-FULL-SESSION-RUNTIME-SCOPE-01,Implement bounded 2026-06-02 full-session paper-runtime candidate-only harness over the 390-slot RTH accounting window while preserving ORDER_INTENT zero broker live Phase 6 roster and observation-day locks,new_cycle4_v2_research_substrate
V2-PF-C-LATE-AM-PAPER-OBSERVATION-2026-06-02-FULL-SESSION-SOURCE-SNAPSHOT-WINDOW-REPAIR-01,P1,1.0,V2-PF-C-LATE-AM-PAPER-OBSERVATION-2026-06-02-FULL-SESSION-RUNTIME-IMPL-01,Repair or source-prove missing 151 source-backed full-session snapshot slots before runtime rerun or observation-day accounting with no runtime markers or authority,new_cycle4_v2_research_substrate
V2-PF-C-LATE-AM-PAPER-OBSERVATION-2026-06-02-RTH-RAW-CAPTURE-SOURCE-BACKFILL-01,P1,1.0,V2-PF-C-LATE-AM-PAPER-OBSERVATION-2026-06-02-FULL-SESSION-SOURCE-SNAPSHOT-WINDOW-REPAIR-01,Attempt local or provider backfill for missing 2026-06-02 RTH raw capture trade-bar window while preserving no runtime markers observation-day or broker authority,new_cycle4_v2_research_substrate
V2-PF-C-LATE-AM-PAPER-OBSERVATION-2026-06-04-LOCAL-CAPTURE-SOURCE-READINESS-01,P1,1.0,V2-PF-C-LATE-AM-PAPER-OBSERVATION-2026-06-02-RTH-RAW-CAPTURE-SOURCE-BACKFILL-01,Assess 2026-06-04 local continuous Rithmic capture source readiness for full-session source-backed feature snapshots without Databento paper runtime or observation-day authority,new_cycle4_v2_research_substrate
V2-PF-C-LATE-AM-PAPER-OBSERVATION-2026-06-04-FEATURE-SNAPSHOT-BUILDER-IMPL-01,P1,1.0,V2-PF-C-LATE-AM-PAPER-OBSERVATION-2026-06-04-LOCAL-CAPTURE-SOURCE-READINESS-01,Emit one source-backed 2026-06-04 candidate-eligible StrategyFeatureSnapshot without strategy runtime observation-day credit or authority,new_cycle4_v2_research_substrate
V2-PF-C-LATE-AM-PAPER-OBSERVATION-2026-06-04-FEATURE-SNAPSHOT-BUILDER-COMPAT-REPAIR-01,P1,1.0,V2-PF-C-LATE-AM-PAPER-OBSERVATION-2026-06-04-CANDIDATE-STRAT-EVAL-SMOKE-01,Repair the 2026-06-04 source-backed feature snapshot compatibility by adding required MNQ instrument lineage without strategy runtime observation-day credit or authority,new_cycle4_v2_research_substrate
V2-PF-C-LATE-AM-PAPER-OBSERVATION-2026-06-04-CANDIDATE-STRAT-EVAL-SMOKE-RERUN-01,P1,1.0,V2-PF-C-LATE-AM-PAPER-OBSERVATION-2026-06-04-FEATURE-SNAPSHOT-BUILDER-COMPAT-REPAIR-01,Rerun the 2026-06-04 candidate strat-eval smoke against the instrument-compatible source-backed snapshot while ORDER_INTENT and all execution observation-day authority remain suppressed,new_cycle4_v2_research_substrate
V2-PF-C-LATE-AM-PAPER-OBSERVATION-2026-06-04-PAPER-RUNTIME-CANDIDATE-SMOKE-SCOPE-01,P1,1.0,V2-PF-C-LATE-AM-PAPER-OBSERVATION-2026-06-04-CANDIDATE-STRAT-EVAL-SMOKE-RERUN-01,Scope whether the 2026-06-04 candidate-emitting source-backed snapshot can enter the dedicated paper-runtime path while preserving order-intent broker-live and observation-day suppression,new_cycle4_v2_research_substrate
V2-PF-C-LATE-AM-PAPER-OBSERVATION-2026-06-04-PAPER-RUNTIME-CANDIDATE-SMOKE-IMPL-01,P1,1.0,V2-PF-C-LATE-AM-PAPER-OBSERVATION-2026-06-04-PAPER-RUNTIME-CANDIDATE-SMOKE-SCOPE-01,Implement bounded 2026-06-04 paper-runtime stop-after-candidate smoke and prove STRAT_EVAL plus CANDIDATE while ORDER_INTENT order translation adapters fills observation-day credit and authority remain suppressed,new_cycle4_v2_research_substrate
V2-PF-C-LATE-AM-PAPER-OBSERVATION-2026-06-04-PAPER-RUNTIME-OBSERVATION-DAY-SCOPE-01,P1,1.0,V2-PF-C-LATE-AM-PAPER-OBSERVATION-2026-06-04-PAPER-RUNTIME-CANDIDATE-SMOKE-IMPL-01,Scope whether bounded 2026-06-04 paper-runtime candidate smoke evidence can count as an observation day and define the minimum full-session evidence contract without order broker live Phase 6 roster or observation-credit authority,new_cycle4_v2_research_substrate
V2-PF-C-LATE-AM-PAPER-OBSERVATION-2026-06-04-FULL-SESSION-RUNTIME-SCOPE-01,P1,1.0,V2-PF-C-LATE-AM-PAPER-OBSERVATION-2026-06-04-PAPER-RUNTIME-OBSERVATION-DAY-SCOPE-01,Scope the minimum bounded 2026-06-04 full-session paper-runtime evidence contract required before observation-day accounting implementation may be authorized without order broker live Phase 6 roster or observation-credit authority,new_cycle4_v2_research_substrate
V2-PF-C-LATE-AM-PAPER-OBSERVATION-2026-06-04-FULL-SESSION-RUNTIME-IMPL-01,P1,1.0,V2-PF-C-LATE-AM-PAPER-OBSERVATION-2026-06-04-FULL-SESSION-RUNTIME-SCOPE-01,Implement bounded 2026-06-04 full-session paper-runtime candidate-only harness over the 390-slot RTH accounting window while preserving ORDER_INTENT zero broker live Phase 6 roster and observation-day locks,new_cycle4_v2_research_substrate
V2-PF-C-LATE-AM-PAPER-OBSERVATION-2026-06-04-OBSERVATION-DAY-ACCOUNTING-SCOPE-01,P1,1.0,V2-PF-C-LATE-AM-PAPER-OBSERVATION-2026-06-04-FULL-SESSION-RUNTIME-IMPL-01,Scope bounded 2026-06-04 observation-day accounting implementation from full-session candidate-only runtime evidence while preserving ORDER_INTENT zero broker live Phase 6 roster and observation-day locks,new_cycle4_v2_research_substrate
V2-PF-C-LATE-AM-PAPER-OBSERVATION-2026-06-04-OBSERVATION-DAY-ACCOUNTING-IMPL-01,P1,1.0,V2-PF-C-LATE-AM-PAPER-OBSERVATION-2026-06-04-OBSERVATION-DAY-ACCOUNTING-SCOPE-01,Implement bounded 2026-06-04 paper-observation day accounting from full-session candidate-only runtime evidence while preserving ORDER_INTENT zero broker live Phase 6 and roster authority,new_cycle4_v2_research_substrate
V2-PF-C-LATE-AM-PAPER-OBSERVATION-RESEARCH-CLOSURE-01,P1,1.0,V2-PF-C-LATE-AM-PAPER-OBSERVATION-2026-06-04-OBSERVATION-DAY-ACCOUNTING-IMPL-01,Close the v2 late-AM paper-observation research tree with one accounted paper-observation day and explicit no broker live Phase 6 roster or order authority,new_cycle4_v2_research_substrate
V2-PF-C-LATE-AM-PAPER-OBSERVATION-DAILY-CONTINUATION-01,P1,1.0,V2-PF-C-LATE-AM-PAPER-OBSERVATION-RESEARCH-CLOSURE-01,Define daily continuation contract after one accounted paper-observation day without adding new observation-day credit broker live Phase 6 roster or order authority,new_cycle4_v2_research_substrate
V2-PF-C-LATE-AM-PAPER-OBSERVATION-NEXT-LOCAL-CAPTURE-DAY-SOURCE-READINESS-01,P1,1.0,V2-PF-C-LATE-AM-PAPER-OBSERVATION-DAILY-CONTINUATION-01,Scan local captures after the first accounted 2026-06-04 paper-observation day for the next full RTH source-ready day without runtime markers observation-day credit or authority,new_cycle4_v2_research_substrate
V2-PF-C-LATE-AM-PAPER-OBSERVATION-WAIT-FOR-NEXT-FULL-LOCAL-CAPTURE-DAY-01,P1,1.0,V2-PF-C-LATE-AM-PAPER-OBSERVATION-NEXT-LOCAL-CAPTURE-DAY-SOURCE-READINESS-01,Wait and rescan for the next post-2026-06-04 full local RTH capture day before attempting additional paper-observation day accrual without runtime markers or authority,new_cycle4_v2_research_substrate
V2-PF-C-LATE-AM-PAPER-OBSERVATION-WAIT-FOR-NEXT-FULL-LOCAL-CAPTURE-DAY-02,P1,1.0,V2-PF-C-LATE-AM-PAPER-OBSERVATION-WAIT-FOR-NEXT-FULL-LOCAL-CAPTURE-DAY-01,Refresh wait state for the next post-2026-06-04 full local RTH capture day before additional paper-observation accrual without runtime markers or authority,new_cycle4_v2_research_substrate
V2-PF-C-LATE-AM-PAPER-OBSERVATION-WAIT-FOR-NEXT-FULL-LOCAL-CAPTURE-DAY-03,P1,1.0,V2-PF-C-LATE-AM-PAPER-OBSERVATION-WAIT-FOR-NEXT-FULL-LOCAL-CAPTURE-DAY-02,Refresh wait state for the next post-2026-06-04 full local RTH capture day before additional paper-observation accrual without runtime markers or authority,new_cycle4_v2_research_substrate
V2-PF-C-LATE-AM-PAPER-OBSERVATION-2026-06-08-LOCAL-CAPTURE-SOURCE-READINESS-01,P1,1.0,V2-PF-C-LATE-AM-PAPER-OBSERVATION-WAIT-FOR-NEXT-FULL-LOCAL-CAPTURE-DAY-03,Assess 2026-06-08 local continuous Rithmic capture source readiness for full-session source-backed feature snapshots without Databento paper runtime or observation-day authority,new_cycle4_v2_research_substrate
V2-PF-C-LATE-AM-PAPER-OBSERVATION-2026-06-08-NO-CANDIDATE-ELIGIBLE-DISPOSITION-01,P1,1.0,V2-PF-C-LATE-AM-PAPER-OBSERVATION-2026-06-08-LOCAL-CAPTURE-SOURCE-READINESS-01,Disposition 2026-06-08 source-complete local capture as no candidate-eligible non-excluded point with no observation-day credit or authority,new_cycle4_v2_research_substrate
V2-PF-C-LATE-AM-PAPER-OBSERVATION-WAIT-FOR-NEXT-FULL-LOCAL-CAPTURE-DAY-04,P1,1.0,V2-PF-C-LATE-AM-PAPER-OBSERVATION-2026-06-08-NO-CANDIDATE-ELIGIBLE-DISPOSITION-01,Wait and scan for the next post-2026-06-08 full local RTH capture day before additional paper-observation accrual without runtime markers or authority,new_cycle4_v2_research_substrate
QFA-612-PAPER-ORDER-PLANT-INACTIVE-ACCOUNT-GATE-01,P1,0.5,QFA-612-BROKER-03-PAPER-ORDER-PLANT-LIFECYCLE,Record that ORDER_PLANT auth and safe reject lineage are ready while working-order lifecycle remains blocked by inactive account and add account_active_required_before_cancelable_limit_smoke preflight gate,broker_order_plant_lifecycle
QFA-612-PAPER-ORDER-PLANT-CANCELABLE-LIMIT-SMOKE-RETRY-01,P1,0.5,QFA-612-PAPER-ORDER-PLANT-INACTIVE-ACCOUNT-GATE-01,Record Rithmic Test positive quantity non-marketable submit cancel lineage with no fill and no broker live Phase 6 or roster authority after order-placement credential override,broker_order_plant_lifecycle
QFA-612-BROKER-ADAPTER-CANCELABLE-LIMIT-INTEGRATION-SCOPE-01,P1,0.5,QFA-612-PAPER-ORDER-PLANT-CANCELABLE-LIMIT-SMOKE-RETRY-01,Scope how PythonBrokerAdapter and paper runtime should use the proven Rithmic Test cancelable-limit lifecycle while preserving allowlist RTH no-flatten net-flat and no live Phase 6 roster authority,broker_order_plant_lifecycle
QFA-612-BROKER-ADAPTER-CANCELABLE-LIMIT-INTEGRATION-IMPL-01,P1,1.0,QFA-612-BROKER-ADAPTER-CANCELABLE-LIMIT-INTEGRATION-SCOPE-01,Wire PythonBrokerAdapter and paper runtime cancel requests to the proven Rithmic Test cancelable-limit lifecycle while preserving RITHMIC_TEST order-placement credential isolation account-active allowlist RTH no-fill no-position and no live Phase 6 roster authority,broker_order_plant_lifecycle
QFA-612-BROKER-ADAPTER-CANCELABLE-LIMIT-SMOKE-01,P1,1.0,QFA-612-BROKER-ADAPTER-CANCELABLE-LIMIT-INTEGRATION-IMPL-01,Run bounded Rithmic Test broker adapter submit cancel smoke through PythonBrokerAdapter with non-marketable limit order no fill net flat and no live Phase 6 roster authority,broker_order_plant_lifecycle
QFA-612-PAPER-RUNTIME-RITHMIC-ORDER-INTENT-SMOKE-01,P1,1.0,QFA-612-BROKER-ADAPTER-CANCELABLE-LIMIT-SMOKE-01,Run bounded Rithmic Test paper-runtime ORDER_INTENT smoke through PaperTradingSession and PythonBrokerAdapter with non-marketable limit order cancel required no fill net flat and no live Phase 6 roster authority,broker_order_plant_lifecycle
QFA-612-BROKER-04-RECONCILIATION-RECOVERY-SCOPE-01,P1,0.5,QFA-612-PAPER-RUNTIME-RITHMIC-ORDER-INTENT-SMOKE-01,Scope broker reconciliation and recovery phase including restart cycle idempotency cache divergence resolution and broker_reconciliation_in_progress submission gate while preserving no live Phase 6 roster or production authority,broker_order_plant_lifecycle
QFA-612-BROKER-04-RECONCILIATION-RECOVERY-IMPL-01,P1,1.0,QFA-612-BROKER-04-RECONCILIATION-RECOVERY-SCOPE-01,Implement broker reconciliation and recovery runtime behavior including idempotent redispatch duplicate ACK conflict blocking reconnect-state broker_reconciliation_in_progress gate and mock tests while preserving no broker network live Phase 6 roster or production authority,broker_order_plant_lifecycle
QFA-612-BROKER-04-RECONCILIATION-RECOVERY-SMOKE-01,P1,0.5,QFA-612-BROKER-04-RECONCILIATION-RECOVERY-IMPL-01,Run bounded mock broker runtime reconciliation recovery smoke for idempotent redispatch duplicate ACK conflict reconnect gate block release behavior while preserving no broker network live Phase 6 roster or production authority,broker_order_plant_lifecycle
QFA-612-PAPER-TRADING-START-RTH-2026-06-15-SCOPE-01,P1,0.5,QFA-612-BROKER-04-RECONCILIATION-RECOVERY-SMOKE-01,Scope bounded 2026-06-15 RTH paper-trading start contract using Rithmic Test ORDER_PLANT order-placement account while preserving capture credential isolation no production live Phase 6 roster or unbounded position authority,broker_order_plant_lifecycle
QFA-612-PAPER-TRADING-START-RTH-2026-06-15-IMPL-01,P1,1.0,QFA-612-PAPER-TRADING-START-RTH-2026-06-15-SCOPE-01,Implement dedicated fail-closed 2026-06-15 RTH paper-trading launch config wrapper and readiness artifacts for Rithmic Test ORDER_PLANT paper mode while preserving capture credential isolation no production live Phase 6 roster or unbounded position authority,broker_order_plant_lifecycle
QFA-612-BROKER-SIDECAR-RPROTOCOL-ORDER-PLANT-REPAIR-01,P1,1.0,QFA-612-PAPER-TRADING-LIVE-MARKET-DATA-SOURCE-REPAIR-01,Repair broker sidecar RProtocol ORDER_PLANT boot path and identify explicit Tradeify gateway requirement before RTH paper runtime start,broker_order_plant_lifecycle
QFA-612-LIVE-CAPTURE-FULL-SESSION-MINUTE-BAR-SEED-01,P1,1.0,QFA-612-PAPER-TRADING-START-RTH-2026-06-15-IMPL-01,Add compact full-session OBS01 minute-bar seed for live_local_capture_tail so paper observation can start with full-session VWAP authority through seed source offset while preserving candidate-stop no order translation and no broker/live/Phase 6/roster authority,broker_order_plant_lifecycle
QFA-612-SHADOW-MODE-LIVE-CAPTURE-PROFILE-01,P1,0.5,QFA-612-PAPER-TRADING-START-RTH-2026-06-15-IMPL-01,Create guarded live_local_capture_tail shadow-mode profile using full-session minute-bar seed paper_observation_stop_after_candidate and ORDER_INTENT zero authority,broker_order_plant_lifecycle
QFA-612-SHADOW-MODE-REGIME-LABEL-SOURCE-01,P1,0.5,QFA-612-SHADOW-MODE-LIVE-CAPTURE-PROFILE-01,Add source-backed session regime-label input for QFA-612 live-capture shadow mode while preserving global regime labels read-only and failing closed when missing,broker_order_plant_lifecycle
QFA-612-SHADOW-MODE-PERFORMANCE-ROLLUP-01,P1,0.5,QFA-612-SHADOW-MODE-REGIME-LABEL-SOURCE-01,Produce shadow-mode performance rollup from live-capture paper journal with QUOTE FEATURES STRAT_EVAL CANDIDATE counts and ORDER_INTENT zero enforcement,broker_order_plant_lifecycle
