strategy_id,candidate_id,feature_snapshot_id,trading_date,signal_ts_ns,signal_ts_utc,direction,regime_label,entry_price,stop_price,target_prices,exit_ts_ns,exit_ts_utc,exit_price_weighted,exit_reason,holding_minutes,gross_points,gross_usd,round_turn_cost_usd,net_usd,mfe_points,mae_points,dynamic_target_rr
opening_range_box_breakout_long,candidate-bt-mnq-12mo-2025-06-24-1750776300000000000-opening_range_box_breakout_long,bt-mnq-12mo-2025-06-24-1750776300000000000,2025-06-24,1750776300000000000,2025-06-24T14:45:00.000000000Z,long,low,22333.75,22259.5,pt1:22408|pt2:22482.25,1750795140000000000,2025-06-24T19:59:00.000000000Z,22406.625,pt1_then_rth_close,314,72.875,145.75,2,143.75,114,33.75,
opening_range_box_regime_long,candidate-bt-mnq-12mo-2025-06-24-1750776300000000000-opening_range_box_regime_long,bt-mnq-12mo-2025-06-24-1750776300000000000,2025-06-24,1750776300000000000,2025-06-24T14:45:00.000000000Z,long,low,22333.75,22259.5,pt1:22408|pt2:22482.25,1750795140000000000,2025-06-24T19:59:00.000000000Z,22406.625,pt1_then_rth_close,314,72.875,145.75,2,143.75,114,33.75,
opening_range_box_regime_long,candidate-bt-mnq-12mo-2025-06-25-1750862160000000000-opening_range_box_regime_long,bt-mnq-12mo-2025-06-25-1750862160000000000,2025-06-25,1750862160000000000,2025-06-25T14:36:00.000000000Z,long,low,22495.5,22462.25,pt1:22528.75|pt2:22562,1750863840000000000,2025-06-25T15:04:00.000000000Z,22462.25,stop,28,-33.25,-66.5,2,-68.5,29,36.25,
opening_range_box_breakout_long,candidate-bt-mnq-12mo-2025-06-26-1750947720000000000-opening_range_box_breakout_long,bt-mnq-12mo-2025-06-26-1750947720000000000,2025-06-26,1750947720000000000,2025-06-26T14:22:00.000000000Z,long,low,22567,22475.75,pt1:22658.25|pt2:22749.5,1750967940000000000,2025-06-26T19:59:00.000000000Z,22665.75,pt1_then_rth_close,337,98.75,197.5,2,195.5,125.75,17.25,
opening_range_box_regime_long,candidate-bt-mnq-12mo-2025-06-26-1750947720000000000-opening_range_box_regime_long,bt-mnq-12mo-2025-06-26-1750947720000000000,2025-06-26,1750947720000000000,2025-06-26T14:22:00.000000000Z,long,low,22567,22475.75,pt1:22658.25|pt2:22749.5,1750967940000000000,2025-06-26T19:59:00.000000000Z,22665.75,pt1_then_rth_close,337,98.75,197.5,2,195.5,125.75,17.25,
opening_range_box_breakout_long,candidate-bt-mnq-12mo-2025-06-27-1751034780000000000-opening_range_box_breakout_long,bt-mnq-12mo-2025-06-27-1751034780000000000,2025-06-27,1751034780000000000,2025-06-27T14:33:00.000000000Z,long,low,22770.75,22681.5,pt1:22860|pt2:22949.25,1751048340000000000,2025-06-27T18:19:00.000000000Z,22681.5,stop,226,-89.25,-178.5,2,-180.5,49.25,94.25,
opening_range_box_regime_long,candidate-bt-mnq-12mo-2025-06-27-1751034780000000000-opening_range_box_regime_long,bt-mnq-12mo-2025-06-27-1751034780000000000,2025-06-27,1751034780000000000,2025-06-27T14:33:00.000000000Z,long,low,22770.75,22681.5,pt1:22860|pt2:22949.25,1751048340000000000,2025-06-27T18:19:00.000000000Z,22681.5,stop,226,-89.25,-178.5,2,-180.5,49.25,94.25,
opening_range_box_regime_long,candidate-bt-mnq-12mo-2025-06-30-1751306400000000000-opening_range_box_regime_long,bt-mnq-12mo-2025-06-30-1751306400000000000,2025-06-30,1751306400000000000,2025-06-30T18:00:00.000000000Z,long,low,22830.75,22784.5,pt1:22877|pt2:22923.25,1751308920000000000,2025-06-30T18:42:00.000000000Z,22784.5,stop,42,-46.25,-92.5,2,-94.5,9.75,50.75,
opening_range_box_breakout_long,candidate-bt-mnq-12mo-2025-06-30-1751311260000000000-opening_range_box_breakout_long,bt-mnq-12mo-2025-06-30-1751311260000000000,2025-06-30,1751311260000000000,2025-06-30T19:21:00.000000000Z,long,low,22876,22794.5,pt1:22957.5|pt2:23039,1751313540000000000,2025-06-30T19:59:00.000000000Z,22885.75,rth_close,38,9.75,19.5,2,17.5,58,10,
opening_range_box_regime_long,candidate-bt-mnq-12mo-2025-06-30-1751311260000000000-opening_range_box_regime_long,bt-mnq-12mo-2025-06-30-1751311260000000000,2025-06-30,1751311260000000000,2025-06-30T19:21:00.000000000Z,long,low,22876,22794.5,pt1:22957.5|pt2:23039,1751313540000000000,2025-06-30T19:59:00.000000000Z,22885.75,rth_close,38,9.75,19.5,2,17.5,58,10,
opening_range_box_breakout_long,candidate-bt-mnq-12mo-2025-07-04-1751640660000000000-opening_range_box_breakout_long,bt-mnq-12mo-2025-07-04-1751640660000000000,2025-07-04,1751640660000000000,2025-07-04T14:51:00.000000000Z,long,low,22934,22887,pt1:22981|pt2:23028,1751648340000000000,2025-07-04T16:59:00.000000000Z,22904.5,rth_close,128,-29.5,-59,2,-61,8.75,38.5,
opening_range_box_regime_long,candidate-bt-mnq-12mo-2025-07-04-1751640660000000000-opening_range_box_regime_long,bt-mnq-12mo-2025-07-04-1751640660000000000,2025-07-04,1751640660000000000,2025-07-04T14:51:00.000000000Z,long,low,22934,22887,pt1:22981|pt2:23028,1751648340000000000,2025-07-04T16:59:00.000000000Z,22904.5,rth_close,128,-29.5,-59,2,-61,8.75,38.5,
opening_range_box_regime_long,candidate-bt-mnq-12mo-2025-07-07-1751901780000000000-opening_range_box_regime_long,bt-mnq-12mo-2025-07-07-1751901780000000000,2025-07-07,1751901780000000000,2025-07-07T15:23:00.000000000Z,long,low,22912.75,22882.25,pt1:22943.25|pt2:22973.75,1751905200000000000,2025-07-07T16:20:00.000000000Z,22912.75,stop,57,0,0,2,-2,50,45.5,
opening_range_box_regime_long,candidate-bt-mnq-12mo-2025-07-07-1751906160000000000-opening_range_box_regime_long,bt-mnq-12mo-2025-07-07-1751906160000000000,2025-07-07,1751906160000000000,2025-07-07T16:36:00.000000000Z,long,low,22921.25,22832.75,pt1:23009.75|pt2:23098.25,1751912160000000000,2025-07-07T18:16:00.000000000Z,22832.75,stop,100,-88.5,-177,2,-179,6.75,96.25,
opening_range_box_regime_long,candidate-bt-mnq-12mo-2025-07-08-1751985060000000000-opening_range_box_regime_long,bt-mnq-12mo-2025-07-08-1751985060000000000,2025-07-08,1751985060000000000,2025-07-08T14:31:00.000000000Z,long,low,22895.75,22848.75,pt1:22942.75|pt2:22989.75,1751986380000000000,2025-07-08T14:53:00.000000000Z,22895.75,stop,22,0,0,2,-2,47,51.25,
opening_range_box_regime_long,candidate-bt-mnq-12mo-2025-07-08-1751986740000000000-opening_range_box_regime_long,bt-mnq-12mo-2025-07-08-1751986740000000000,2025-07-08,1751986740000000000,2025-07-08T14:59:00.000000000Z,long,low,22894.25,22840.5,pt1:22948|pt2:23001.75,1752004740000000000,2025-07-08T19:59:00.000000000Z,22919.875,pt1_then_rth_close,300,25.625,51.25,2,49.25,68.5,39.5,
opening_range_box_breakout_long,candidate-bt-mnq-12mo-2025-07-09-1752070200000000000-opening_range_box_breakout_long,bt-mnq-12mo-2025-07-09-1752070200000000000,2025-07-09,1752070200000000000,2025-07-09T14:10:00.000000000Z,long,low,23097.5,22977.25,pt1:23217.75|pt2:23338,1752071760000000000,2025-07-09T14:36:00.000000000Z,22977.25,stop,26,-120.25,-240.5,2,-242.5,8.75,134.5,
opening_range_box_regime_long,candidate-bt-mnq-12mo-2025-07-09-1752070200000000000-opening_range_box_regime_long,bt-mnq-12mo-2025-07-09-1752070200000000000,2025-07-09,1752070200000000000,2025-07-09T14:10:00.000000000Z,long,low,23097.5,22977.25,pt1:23217.75|pt2:23338,1752071760000000000,2025-07-09T14:36:00.000000000Z,22977.25,stop,26,-120.25,-240.5,2,-242.5,8.75,134.5,
opening_range_box_regime_long,candidate-bt-mnq-12mo-2025-07-10-1752157380000000000-opening_range_box_regime_long,bt-mnq-12mo-2025-07-10-1752157380000000000,2025-07-10,1752157380000000000,2025-07-10T14:23:00.000000000Z,long,low,22939.25,22900.5,pt1:22978|pt2:23016.75,1752162660000000000,2025-07-10T15:51:00.000000000Z,22997.375,pt2,88,58.125,116.25,2,114.25,78,30.5,
opening_range_box_regime_long,candidate-bt-mnq-12mo-2025-07-10-1752163860000000000-opening_range_box_regime_long,bt-mnq-12mo-2025-07-10-1752163860000000000,2025-07-10,1752163860000000000,2025-07-10T16:11:00.000000000Z,long,low,22976.25,22900.5,pt1:23052|pt2:23127.75,1752177540000000000,2025-07-10T19:59:00.000000000Z,23015,rth_close,228,38.75,77.5,2,75.5,73.75,13.5,
opening_range_box_breakout_long,candidate-bt-mnq-12mo-2025-07-11-1752245880000000000-opening_range_box_breakout_long,bt-mnq-12mo-2025-07-11-1752245880000000000,2025-07-11,1752245880000000000,2025-07-11T14:58:00.000000000Z,long,low,22968.25,22862.5,pt1:23074|pt2:23179.75,1752263940000000000,2025-07-11T19:59:00.000000000Z,22955.25,rth_close,301,-13,-26,2,-28,53.5,59.5,
opening_range_box_regime_long,candidate-bt-mnq-12mo-2025-07-11-1752245880000000000-opening_range_box_regime_long,bt-mnq-12mo-2025-07-11-1752245880000000000,2025-07-11,1752245880000000000,2025-07-11T14:58:00.000000000Z,long,low,22968.25,22862.5,pt1:23074|pt2:23179.75,1752263940000000000,2025-07-11T19:59:00.000000000Z,22955.25,rth_close,301,-13,-26,2,-28,53.5,59.5,
opening_range_box_breakout_long,candidate-bt-mnq-12mo-2025-07-14-1752502860000000000-opening_range_box_breakout_long,bt-mnq-12mo-2025-07-14-1752502860000000000,2025-07-14,1752502860000000000,2025-07-14T14:21:00.000000000Z,long,low,22979.5,22842,pt1:23117|pt2:23254.5,1752523140000000000,2025-07-14T19:59:00.000000000Z,23034.5,rth_close,338,55,110,2,108,88.25,57,
opening_range_box_regime_long,candidate-bt-mnq-12mo-2025-07-14-1752502860000000000-opening_range_box_regime_long,bt-mnq-12mo-2025-07-14-1752502860000000000,2025-07-14,1752502860000000000,2025-07-14T14:21:00.000000000Z,long,low,22979.5,22842,pt1:23117|pt2:23254.5,1752523140000000000,2025-07-14T19:59:00.000000000Z,23034.5,rth_close,338,55,110,2,108,88.25,57,
opening_range_box_breakout_short,candidate-bt-mnq-12mo-2025-07-15-1752600660000000000-opening_range_box_breakout_short,bt-mnq-12mo-2025-07-15-1752600660000000000,2025-07-15,1752600660000000000,2025-07-15T17:31:00.000000000Z,short,high,23122.25,23223.25,pt1:23021.25|pt2:22920.25,1752609540000000000,2025-07-15T19:59:00.000000000Z,23052,rth_close,148,70.25,140.5,2,138.5,72.25,57.75,
opening_range_box_regime_long,candidate-bt-mnq-12mo-2025-07-16-1752675120000000000-opening_range_box_regime_long,bt-mnq-12mo-2025-07-16-1752675120000000000,2025-07-16,1752675120000000000,2025-07-16T14:12:00.000000000Z,long,low,23000.5,22947.75,pt1:23053.25|pt2:23106,1752679020000000000,2025-07-16T15:17:00.000000000Z,22947.75,stop,65,-52.75,-105.5,2,-107.5,44.5,58.75,
opening_range_box_regime_long,candidate-bt-mnq-12mo-2025-07-16-1752681420000000000-opening_range_box_regime_long,bt-mnq-12mo-2025-07-16-1752681420000000000,2025-07-16,1752681420000000000,2025-07-16T15:57:00.000000000Z,long,low,22988,22835.25,pt1:23140.75|pt2:23293.5,1752695940000000000,2025-07-16T19:59:00.000000000Z,23074.5,rth_close,242,86.5,173,2,171,112,34.75,
opening_range_box_breakout_long,candidate-bt-mnq-12mo-2025-07-21-1753106820000000000-opening_range_box_breakout_long,bt-mnq-12mo-2025-07-21-1753106820000000000,2025-07-21,1753106820000000000,2025-07-21T14:07:00.000000000Z,long,low,23396.5,23254.5,pt1:23538.5|pt2:23680.5,1753127940000000000,2025-07-21T19:59:00.000000000Z,23344.25,rth_close,352,-52.25,-104.5,2,-106.5,28.5,68.25,
opening_range_box_regime_long,candidate-bt-mnq-12mo-2025-07-21-1753106820000000000-opening_range_box_regime_long,bt-mnq-12mo-2025-07-21-1753106820000000000,2025-07-21,1753106820000000000,2025-07-21T14:07:00.000000000Z,long,low,23396.5,23254.5,pt1:23538.5|pt2:23680.5,1753127940000000000,2025-07-21T19:59:00.000000000Z,23344.25,rth_close,352,-52.25,-104.5,2,-106.5,28.5,68.25,
opening_range_box_regime_long,candidate-bt-mnq-12mo-2025-07-22-1753194660000000000-opening_range_box_regime_long,bt-mnq-12mo-2025-07-22-1753194660000000000,2025-07-22,1753194660000000000,2025-07-22T14:31:00.000000000Z,long,low,23197.5,23104.5,pt1:23290.5|pt2:23383.5,1753214340000000000,2025-07-22T19:59:00.000000000Z,23221,rth_close,328,23.5,47,2,45,59.5,38.25,
opening_range_box_regime_long,candidate-bt-mnq-12mo-2025-07-24-1753367700000000000-opening_range_box_regime_long,bt-mnq-12mo-2025-07-24-1753367700000000000,2025-07-24,1753367700000000000,2025-07-24T14:35:00.000000000Z,long,low,23339.5,23298,pt1:23381|pt2:23422.5,1753380660000000000,2025-07-24T18:11:00.000000000Z,23401.75,pt2,216,62.25,124.5,2,122.5,85.5,2,
opening_range_box_breakout_long,candidate-bt-mnq-12mo-2025-07-24-1753377120000000000-opening_range_box_breakout_long,bt-mnq-12mo-2025-07-24-1753377120000000000,2025-07-24,1753377120000000000,2025-07-24T17:12:00.000000000Z,long,low,23401.25,23333,pt1:23469.5|pt2:23537.75,1753387140000000000,2025-07-24T19:59:00.000000000Z,23376.5,rth_close,167,-24.75,-49.5,2,-51.5,23.75,29,
opening_range_box_regime_long,candidate-bt-mnq-12mo-2025-07-24-1753384020000000000-opening_range_box_regime_long,bt-mnq-12mo-2025-07-24-1753384020000000000,2025-07-24,1753384020000000000,2025-07-24T19:07:00.000000000Z,long,low,23401.25,23333,pt1:23469.5|pt2:23537.75,1753387140000000000,2025-07-24T19:59:00.000000000Z,23376.5,rth_close,52,-24.75,-49.5,2,-51.5,21.75,29,
opening_range_box_breakout_long,candidate-bt-mnq-12mo-2025-07-25-1753452660000000000-opening_range_box_breakout_long,bt-mnq-12mo-2025-07-25-1753452660000000000,2025-07-25,1753452660000000000,2025-07-25T14:11:00.000000000Z,long,low,23408.5,23329.75,pt1:23487.25|pt2:23566,1753473540000000000,2025-07-25T19:59:00.000000000Z,23422.75,rth_close,348,14.25,28.5,2,26.5,68.5,20.75,
opening_range_box_regime_long,candidate-bt-mnq-12mo-2025-07-25-1753452660000000000-opening_range_box_regime_long,bt-mnq-12mo-2025-07-25-1753452660000000000,2025-07-25,1753452660000000000,2025-07-25T14:11:00.000000000Z,long,low,23408.5,23329.75,pt1:23487.25|pt2:23566,1753473540000000000,2025-07-25T19:59:00.000000000Z,23422.75,rth_close,348,14.25,28.5,2,26.5,68.5,20.75,
opening_range_box_regime_long,candidate-bt-mnq-12mo-2025-07-28-1753717680000000000-opening_range_box_regime_long,bt-mnq-12mo-2025-07-28-1753717680000000000,2025-07-28,1753717680000000000,2025-07-28T15:48:00.000000000Z,long,low,23493.5,23436.5,pt1:23550.5|pt2:23607.5,1753732740000000000,2025-07-28T19:59:00.000000000Z,23491.75,rth_close,251,-1.75,-3.5,2,-5.5,14.25,53.5,
opening_range_box_breakout_short,candidate-bt-mnq-12mo-2025-07-30-1753905000000000000-opening_range_box_breakout_short,bt-mnq-12mo-2025-07-30-1753905000000000000,2025-07-30,1753905000000000000,2025-07-30T19:50:00.000000000Z,short,high,23449.75,23527,pt1:23372.5|pt2:23295.25,1753905540000000000,2025-07-30T19:59:00.000000000Z,23484.25,rth_close,9,-34.5,-69,2,-71,17.75,40.75,
opening_range_box_breakout_short,candidate-bt-mnq-12mo-2025-07-31-1753979220000000000-opening_range_box_breakout_short,bt-mnq-12mo-2025-07-31-1753979220000000000,2025-07-31,1753979220000000000,2025-07-31T16:27:00.000000000Z,short,high,23607.75,23752.75,pt1:23462.75|pt2:23317.75,1753985760000000000,2025-07-31T18:16:00.000000000Z,23390.25,pt2,109,217.5,435,2,433,302,9.25,
opening_range_box_breakout_short,candidate-bt-mnq-12mo-2025-08-01-1754067900000000000-opening_range_box_breakout_short,bt-mnq-12mo-2025-08-01-1754067900000000000,2025-08-01,1754067900000000000,2025-08-01T17:05:00.000000000Z,short,high,22857.5,23096,pt1:22619|pt2:22380.5,1754078340000000000,2025-08-01T19:59:00.000000000Z,22880.75,rth_close,174,-23.25,-46.5,2,-48.5,69.25,87.5,
opening_range_box_breakout_short,candidate-bt-mnq-12mo-2025-08-07-1754577120000000000-opening_range_box_breakout_short,bt-mnq-12mo-2025-08-07-1754577120000000000,2025-08-07,1754577120000000000,2025-08-07T14:32:00.000000000Z,short,high,23569,23659.5,pt1:23478.5|pt2:23388,1754588220000000000,2025-08-07T17:37:00.000000000Z,23433.25,pt2,185,135.75,271.5,2,269.5,187.75,24.75,
opening_range_box_breakout_long,candidate-bt-mnq-12mo-2025-08-11-1754921640000000000-opening_range_box_breakout_long,bt-mnq-12mo-2025-08-11-1754921640000000000,2025-08-11,1754921640000000000,2025-08-11T14:14:00.000000000Z,long,low,23745.5,23680.5,pt1:23810.5|pt2:23875.5,1754935440000000000,2025-08-11T18:04:00.000000000Z,23680.5,stop,230,-65,-130,2,-132,59,68.5,
opening_range_box_regime_long,candidate-bt-mnq-12mo-2025-08-11-1754925600000000000-opening_range_box_regime_long,bt-mnq-12mo-2025-08-11-1754925600000000000,2025-08-11,1754925600000000000,2025-08-11T15:20:00.000000000Z,long,low,23745.5,23680.5,pt1:23810.5|pt2:23875.5,1754935440000000000,2025-08-11T18:04:00.000000000Z,23680.5,stop,164,-65,-130,2,-132,59,68.5,
opening_range_box_regime_long,candidate-bt-mnq-12mo-2025-08-12-1755008280000000000-opening_range_box_regime_long,bt-mnq-12mo-2025-08-12-1755008280000000000,2025-08-12,1755008280000000000,2025-08-12T14:18:00.000000000Z,long,low,23715.5,23621.5,pt1:23809.5|pt2:23903.5,1755017520000000000,2025-08-12T16:52:00.000000000Z,23856.5,pt2,154,141,282,2,280,188,0,
opening_range_box_breakout_long,candidate-bt-mnq-12mo-2025-08-12-1755011340000000000-opening_range_box_breakout_long,bt-mnq-12mo-2025-08-12-1755011340000000000,2025-08-12,1755011340000000000,2025-08-12T15:09:00.000000000Z,long,low,23809,23649.5,pt1:23968.5|pt2:24128,1755028740000000000,2025-08-12T19:59:00.000000000Z,23934,rth_close,290,125,250,2,248,140.25,0,
opening_range_box_breakout_short,candidate-bt-mnq-12mo-2025-08-13-1755093600000000000-opening_range_box_breakout_short,bt-mnq-12mo-2025-08-13-1755093600000000000,2025-08-13,1755093600000000000,2025-08-13T14:00:00.000000000Z,short,high,24004.5,24069.5,pt1:23939.5|pt2:23874.5,1755115140000000000,2025-08-13T19:59:00.000000000Z,23941.375,pt1_then_rth_close,359,63.125,126.25,2,124.25,118.5,10,
opening_range_box_breakout_long,candidate-bt-mnq-12mo-2025-08-14-1755191640000000000-opening_range_box_breakout_long,bt-mnq-12mo-2025-08-14-1755191640000000000,2025-08-14,1755191640000000000,2025-08-14T17:14:00.000000000Z,long,low,23960.75,23840.75,pt1:24080.75|pt2:24200.75,1755201540000000000,2025-08-14T19:59:00.000000000Z,23921.5,rth_close,165,-39.25,-78.5,2,-80.5,19,69,
opening_range_box_regime_long,candidate-bt-mnq-12mo-2025-08-14-1755191640000000000-opening_range_box_regime_long,bt-mnq-12mo-2025-08-14-1755191640000000000,2025-08-14,1755191640000000000,2025-08-14T17:14:00.000000000Z,long,low,23960.75,23840.75,pt1:24080.75|pt2:24200.75,1755201540000000000,2025-08-14T19:59:00.000000000Z,23921.5,rth_close,165,-39.25,-78.5,2,-80.5,19,69,
opening_range_box_regime_long,candidate-bt-mnq-12mo-2025-08-15-1755266460000000000-opening_range_box_regime_long,bt-mnq-12mo-2025-08-15-1755266460000000000,2025-08-15,1755266460000000000,2025-08-15T14:01:00.000000000Z,long,low,23835.75,23765.5,pt1:23906|pt2:23976.25,1755272400000000000,2025-08-15T15:40:00.000000000Z,23765.5,stop,99,-70.25,-140.5,2,-142.5,47.5,75.75,
opening_range_box_regime_long,candidate-bt-mnq-12mo-2025-08-15-1755276060000000000-opening_range_box_regime_long,bt-mnq-12mo-2025-08-15-1755276060000000000,2025-08-15,1755276060000000000,2025-08-15T16:41:00.000000000Z,long,low,23789,23734.25,pt1:23843.75|pt2:23898.5,1755287940000000000,2025-08-15T19:59:00.000000000Z,23824.75,pt1_then_rth_close,198,35.75,71.5,2,69.5,58.75,13.25,
opening_range_box_breakout_long,candidate-bt-mnq-12mo-2025-08-18-1755527100000000000-opening_range_box_breakout_long,bt-mnq-12mo-2025-08-18-1755527100000000000,2025-08-18,1755527100000000000,2025-08-18T14:25:00.000000000Z,long,low,23818.75,23734.5,pt1:23903|pt2:23987.25,1755528360000000000,2025-08-18T14:46:00.000000000Z,23734.5,stop,21,-84.25,-168.5,2,-170.5,2.25,89.75,
opening_range_box_regime_long,candidate-bt-mnq-12mo-2025-08-18-1755527100000000000-opening_range_box_regime_long,bt-mnq-12mo-2025-08-18-1755527100000000000,2025-08-18,1755527100000000000,2025-08-18T14:25:00.000000000Z,long,low,23818.75,23734.5,pt1:23903|pt2:23987.25,1755528360000000000,2025-08-18T14:46:00.000000000Z,23734.5,stop,21,-84.25,-168.5,2,-170.5,2.25,89.75,
opening_range_box_breakout_long,candidate-bt-mnq-12mo-2025-08-26-1756217400000000000-opening_range_box_breakout_long,bt-mnq-12mo-2025-08-26-1756217400000000000,2025-08-26,1756217400000000000,2025-08-26T14:10:00.000000000Z,long,low,23519,23426.25,pt1:23611.75|pt2:23704.5,1756238340000000000,2025-08-26T19:59:00.000000000Z,23587,rth_close,349,68,136,2,134,81,40,
opening_range_box_regime_long,candidate-bt-mnq-12mo-2025-08-26-1756217400000000000-opening_range_box_regime_long,bt-mnq-12mo-2025-08-26-1756217400000000000,2025-08-26,1756217400000000000,2025-08-26T14:10:00.000000000Z,long,low,23519,23426.25,pt1:23611.75|pt2:23704.5,1756238340000000000,2025-08-26T19:59:00.000000000Z,23587,rth_close,349,68,136,2,134,81,40,
opening_range_box_breakout_long,candidate-bt-mnq-12mo-2025-08-27-1756304040000000000-opening_range_box_breakout_long,bt-mnq-12mo-2025-08-27-1756304040000000000,2025-08-27,1756304040000000000,2025-08-27T14:14:00.000000000Z,long,low,23565.75,23488,pt1:23643.5|pt2:23721.25,1756324740000000000,2025-08-27T19:59:00.000000000Z,23631.75,pt1_then_rth_close,345,66,132,2,130,91.75,23.75,
opening_range_box_regime_long,candidate-bt-mnq-12mo-2025-08-27-1756304040000000000-opening_range_box_regime_long,bt-mnq-12mo-2025-08-27-1756304040000000000,2025-08-27,1756304040000000000,2025-08-27T14:14:00.000000000Z,long,low,23565.75,23488,pt1:23643.5|pt2:23721.25,1756324740000000000,2025-08-27T19:59:00.000000000Z,23631.75,pt1_then_rth_close,345,66,132,2,130,91.75,23.75,
opening_range_box_breakout_long,candidate-bt-mnq-12mo-2025-08-28-1756399080000000000-opening_range_box_breakout_long,bt-mnq-12mo-2025-08-28-1756399080000000000,2025-08-28,1756399080000000000,2025-08-28T16:38:00.000000000Z,long,low,23743.75,23572,pt1:23915.5|pt2:24087.25,1756411140000000000,2025-08-28T19:59:00.000000000Z,23766.25,rth_close,201,22.5,45,2,43,60,21.5,
opening_range_box_regime_long,candidate-bt-mnq-12mo-2025-08-28-1756399080000000000-opening_range_box_regime_long,bt-mnq-12mo-2025-08-28-1756399080000000000,2025-08-28,1756399080000000000,2025-08-28T16:38:00.000000000Z,long,low,23743.75,23572,pt1:23915.5|pt2:24087.25,1756411140000000000,2025-08-28T19:59:00.000000000Z,23766.25,rth_close,201,22.5,45,2,43,60,21.5,
opening_range_box_breakout_long,candidate-bt-mnq-12mo-2025-09-02-1756823340000000000-opening_range_box_breakout_long,bt-mnq-12mo-2025-09-02-1756823340000000000,2025-09-02,1756823340000000000,2025-09-02T14:29:00.000000000Z,long,low,23261.5,23024.5,pt1:23498.5|pt2:23735.5,1756843140000000000,2025-09-02T19:59:00.000000000Z,23277.25,rth_close,330,15.75,31.5,2,29.5,28.5,235,
opening_range_box_breakout_short,candidate-bt-mnq-12mo-2025-09-03-1756922220000000000-opening_range_box_breakout_short,bt-mnq-12mo-2025-09-03-1756922220000000000,2025-09-03,1756922220000000000,2025-09-03T17:57:00.000000000Z,short,high,23369.25,23438.5,pt1:23300|pt2:23230.75,1756929420000000000,2025-09-03T19:57:00.000000000Z,23438.5,stop,120,-69.25,-138.5,2,-140.5,51,73,
opening_range_box_regime_long,candidate-bt-mnq-12mo-2025-09-04-1756995780000000000-opening_range_box_regime_long,bt-mnq-12mo-2025-09-04-1756995780000000000,2025-09-04,1756995780000000000,2025-09-04T14:23:00.000000000Z,long,low,23469.25,23409.5,pt1:23529|pt2:23588.75,1757008260000000000,2025-09-04T17:51:00.000000000Z,23558.875,pt2,208,89.625,179.25,2,177.25,123.5,6.5,
opening_range_box_breakout_long,candidate-bt-mnq-12mo-2025-09-04-1756999680000000000-opening_range_box_breakout_long,bt-mnq-12mo-2025-09-04-1756999680000000000,2025-09-04,1756999680000000000,2025-09-04T15:28:00.000000000Z,long,low,23548.75,23456.75,pt1:23640.75|pt2:23732.75,1757015940000000000,2025-09-04T19:59:00.000000000Z,23653.5,pt1_then_rth_close,271,104.75,209.5,2,207.5,131.75,36,
opening_range_box_breakout_short,candidate-bt-mnq-12mo-2025-09-08-1757358720000000000-opening_range_box_breakout_short,bt-mnq-12mo-2025-09-08-1757358720000000000,2025-09-08,1757358720000000000,2025-09-08T19:12:00.000000000Z,short,high,23770.75,23877,pt1:23664.5|pt2:23558.25,1757361540000000000,2025-09-08T19:59:00.000000000Z,23803.5,rth_close,47,-32.75,-65.5,2,-67.5,12.25,41.75,
opening_range_box_regime_long,candidate-bt-mnq-12mo-2025-09-09-1757426820000000000-opening_range_box_regime_long,bt-mnq-12mo-2025-09-09-1757426820000000000,2025-09-09,1757426820000000000,2025-09-09T14:07:00.000000000Z,long,low,23819.75,23780.5,pt1:23859|pt2:23898.25,1757428320000000000,2025-09-09T14:32:00.000000000Z,23780.5,stop,25,-39.25,-78.5,2,-80.5,31,48.5,
opening_range_box_regime_long,candidate-bt-mnq-12mo-2025-09-09-1757435520000000000-opening_range_box_regime_long,bt-mnq-12mo-2025-09-09-1757435520000000000,2025-09-09,1757435520000000000,2025-09-09T16:32:00.000000000Z,long,low,23818.25,23726,pt1:23910.5|pt2:24002.75,1757447940000000000,2025-09-09T19:59:00.000000000Z,23867.25,rth_close,207,49,98,2,96,69.5,12.25,
opening_range_box_breakout_long,candidate-bt-mnq-12mo-2025-09-09-1757446080000000000-opening_range_box_breakout_long,bt-mnq-12mo-2025-09-09-1757446080000000000,2025-09-09,1757446080000000000,2025-09-09T19:28:00.000000000Z,long,low,23858.25,23800.75,pt1:23915.75|pt2:23973.25,1757447940000000000,2025-09-09T19:59:00.000000000Z,23867.25,rth_close,31,9,18,2,16,29.5,23,
opening_range_box_breakout_long,candidate-bt-mnq-12mo-2025-09-11-1757599620000000000-opening_range_box_breakout_long,bt-mnq-12mo-2025-09-11-1757599620000000000,2025-09-11,1757599620000000000,2025-09-11T14:07:00.000000000Z,long,low,23998.25,23909.25,pt1:24087.25|pt2:24176.25,1757620740000000000,2025-09-11T19:59:00.000000000Z,24011.75,rth_close,352,13.5,27,2,25,50.5,51.5,
opening_range_box_regime_long,candidate-bt-mnq-12mo-2025-09-11-1757599620000000000-opening_range_box_regime_long,bt-mnq-12mo-2025-09-11-1757599620000000000,2025-09-11,1757599620000000000,2025-09-11T14:07:00.000000000Z,long,low,23998.25,23909.25,pt1:24087.25|pt2:24176.25,1757620740000000000,2025-09-11T19:59:00.000000000Z,24011.75,rth_close,352,13.5,27,2,25,50.5,51.5,
opening_range_box_breakout_long,candidate-bt-mnq-12mo-2025-09-15-1757948520000000000-opening_range_box_breakout_long,bt-mnq-12mo-2025-09-15-1757948520000000000,2025-09-15,1757948520000000000,2025-09-15T15:02:00.000000000Z,long,low,24262.75,24171.5,pt1:24354|pt2:24445.25,1757966340000000000,2025-09-15T19:59:00.000000000Z,24311.5,rth_close,297,48.75,97.5,2,95.5,53,22.25,
opening_range_box_regime_long,candidate-bt-mnq-12mo-2025-09-15-1757950980000000000-opening_range_box_regime_long,bt-mnq-12mo-2025-09-15-1757950980000000000,2025-09-15,1757950980000000000,2025-09-15T15:43:00.000000000Z,long,low,24262.75,24171.5,pt1:24354|pt2:24445.25,1757966340000000000,2025-09-15T19:59:00.000000000Z,24311.5,rth_close,256,48.75,97.5,2,95.5,53,17.5,
opening_range_box_regime_long,candidate-bt-mnq-12mo-2025-09-16-1758032220000000000-opening_range_box_regime_long,bt-mnq-12mo-2025-09-16-1758032220000000000,2025-09-16,1758032220000000000,2025-09-16T14:17:00.000000000Z,long,low,24308.5,24278.25,pt1:24338.75|pt2:24369,1758034860000000000,2025-09-16T15:01:00.000000000Z,24278.25,stop,44,-30.25,-60.5,2,-62.5,9.75,32,
opening_range_box_regime_long,candidate-bt-mnq-12mo-2025-09-16-1758041820000000000-opening_range_box_regime_long,bt-mnq-12mo-2025-09-16-1758041820000000000,2025-09-16,1758041820000000000,2025-09-16T16:57:00.000000000Z,long,low,24290.75,24257,pt1:24324.5|pt2:24358.25,1758052740000000000,2025-09-16T19:59:00.000000000Z,24286.25,rth_close,182,-4.5,-9,2,-11,32,11.75,
opening_range_box_regime_long,candidate-bt-mnq-12mo-2025-09-17-1758137040000000000-opening_range_box_regime_long,bt-mnq-12mo-2025-09-17-1758137040000000000,2025-09-17,1758137040000000000,2025-09-17T19:24:00.000000000Z,long,low,24278.25,24003,pt1:24553.5|pt2:24828.75,1758139140000000000,2025-09-17T19:59:00.000000000Z,24231.75,rth_close,35,-46.5,-93,2,-95,29.75,72.5,
opening_range_box_regime_long,candidate-bt-mnq-12mo-2025-09-19-1758293520000000000-opening_range_box_regime_long,bt-mnq-12mo-2025-09-19-1758293520000000000,2025-09-19,1758293520000000000,2025-09-19T14:52:00.000000000Z,long,low,24770.25,24735,pt1:24805.5|pt2:24840.75,1758294360000000000,2025-09-19T15:06:00.000000000Z,24735,stop,14,-35.25,-70.5,2,-72.5,8.25,38.75,
opening_range_box_regime_long,candidate-bt-mnq-12mo-2025-09-19-1758296460000000000-opening_range_box_regime_long,bt-mnq-12mo-2025-09-19-1758296460000000000,2025-09-19,1758296460000000000,2025-09-19T15:41:00.000000000Z,long,low,24741.75,24707.5,pt1:24776|pt2:24810.25,1758298260000000000,2025-09-19T16:11:00.000000000Z,24793.125,pt2,30,51.375,102.75,2,100.75,70,1.25,
opening_range_box_breakout_long,candidate-bt-mnq-12mo-2025-09-19-1758298980000000000-opening_range_box_breakout_long,bt-mnq-12mo-2025-09-19-1758298980000000000,2025-09-19,1758298980000000000,2025-09-19T16:23:00.000000000Z,long,low,24816.5,24736.75,pt1:24896.25|pt2:24976,1758311940000000000,2025-09-19T19:59:00.000000000Z,24860.25,rth_close,216,43.75,87.5,2,85.5,71.5,20.25,
opening_range_box_regime_long,candidate-bt-mnq-12mo-2025-09-19-1758298980000000000-opening_range_box_regime_long,bt-mnq-12mo-2025-09-19-1758298980000000000,2025-09-19,1758298980000000000,2025-09-19T16:23:00.000000000Z,long,low,24816.5,24736.75,pt1:24896.25|pt2:24976,1758311940000000000,2025-09-19T19:59:00.000000000Z,24860.25,rth_close,216,43.75,87.5,2,85.5,71.5,20.25,
opening_range_box_regime_long,candidate-bt-mnq-12mo-2025-09-23-1758637680000000000-opening_range_box_regime_long,bt-mnq-12mo-2025-09-23-1758637680000000000,2025-09-23,1758637680000000000,2025-09-23T14:28:00.000000000Z,long,low,24960.25,24929,pt1:24991.5|pt2:25022.75,1758643680000000000,2025-09-23T16:08:00.000000000Z,24929,stop,100,-31.25,-62.5,2,-64.5,14.75,34.25,
opening_range_box_regime_long,candidate-bt-mnq-12mo-2025-09-23-1758644460000000000-opening_range_box_regime_long,bt-mnq-12mo-2025-09-23-1758644460000000000,2025-09-23,1758644460000000000,2025-09-23T16:21:00.000000000Z,long,low,24952.75,24914.5,pt1:24991|pt2:25029.25,1758646980000000000,2025-09-23T17:03:00.000000000Z,24914.5,stop,42,-38.25,-76.5,2,-78.5,2.25,42,
opening_range_box_breakout_short,candidate-bt-mnq-12mo-2025-09-24-1758726600000000000-opening_range_box_breakout_short,bt-mnq-12mo-2025-09-24-1758726600000000000,2025-09-24,1758726600000000000,2025-09-24T15:10:00.000000000Z,short,high,24784.5,24899.75,pt1:24669.25|pt2:24554,1758743940000000000,2025-09-24T19:59:00.000000000Z,24704.375,pt1_then_rth_close,289,80.125,160.25,2,158.25,156.5,25.25,
opening_range_box_breakout_short,candidate-bt-mnq-12mo-2025-09-26-1758895980000000000-opening_range_box_breakout_short,bt-mnq-12mo-2025-09-26-1758895980000000000,2025-09-26,1758895980000000000,2025-09-26T14:13:00.000000000Z,short,high,24596.25,24716.5,pt1:24476|pt2:24355.75,1758907680000000000,2025-09-26T17:28:00.000000000Z,24716.5,stop,195,-120.25,-240.5,2,-242.5,76.25,120.5,
opening_range_box_breakout_long,candidate-bt-mnq-12mo-2025-09-29-1759154820000000000-opening_range_box_breakout_long,bt-mnq-12mo-2025-09-29-1759154820000000000,2025-09-29,1759154820000000000,2025-09-29T14:07:00.000000000Z,long,low,24955.5,24847.75,pt1:25063.25|pt2:25171,1759160160000000000,2025-09-29T15:36:00.000000000Z,24847.75,stop,89,-107.75,-215.5,2,-217.5,19.5,119,
opening_range_box_regime_long,candidate-bt-mnq-12mo-2025-09-29-1759154820000000000-opening_range_box_regime_long,bt-mnq-12mo-2025-09-29-1759154820000000000,2025-09-29,1759154820000000000,2025-09-29T14:07:00.000000000Z,long,low,24955.5,24847.75,pt1:25063.25|pt2:25171,1759160160000000000,2025-09-29T15:36:00.000000000Z,24847.75,stop,89,-107.75,-215.5,2,-217.5,19.5,119,
opening_range_box_breakout_long,candidate-bt-mnq-12mo-2025-09-30-1759243680000000000-opening_range_box_breakout_long,bt-mnq-12mo-2025-09-30-1759243680000000000,2025-09-30,1759243680000000000,2025-09-30T14:48:00.000000000Z,long,low,24831.25,24722,pt1:24940.5|pt2:25049.75,1759262340000000000,2025-09-30T19:59:00.000000000Z,24897.75,rth_close,311,66.5,133,2,131,82.5,100,
opening_range_box_regime_long,candidate-bt-mnq-12mo-2025-09-30-1759256760000000000-opening_range_box_regime_long,bt-mnq-12mo-2025-09-30-1759256760000000000,2025-09-30,1759256760000000000,2025-09-30T18:26:00.000000000Z,long,low,24831.25,24722,pt1:24940.5|pt2:25049.75,1759262340000000000,2025-09-30T19:59:00.000000000Z,24897.75,rth_close,93,66.5,133,2,131,82.5,15.5,
opening_range_box_regime_long,candidate-bt-mnq-12mo-2025-10-03-1759502220000000000-opening_range_box_regime_long,bt-mnq-12mo-2025-10-03-1759502220000000000,2025-10-03,1759502220000000000,2025-10-03T14:37:00.000000000Z,long,low,25110.5,25050.5,pt1:25170.5|pt2:25230.5,1759510980000000000,2025-10-03T17:03:00.000000000Z,25050.5,stop,146,-60,-120,2,-122,45.5,64.5,
opening_range_box_regime_long,candidate-bt-mnq-12mo-2025-10-07-1759846200000000000-opening_range_box_regime_long,bt-mnq-12mo-2025-10-07-1759846200000000000,2025-10-07,1759846200000000000,2025-10-07T14:10:00.000000000Z,long,low,25250,25213,pt1:25287|pt2:25324,1759847220000000000,2025-10-07T14:27:00.000000000Z,25213,stop,17,-37,-74,2,-76,7.25,42.5,
opening_range_box_breakout_short,candidate-bt-mnq-12mo-2025-10-09-1760023320000000000-opening_range_box_breakout_short,bt-mnq-12mo-2025-10-09-1760023320000000000,2025-10-09,1760023320000000000,2025-10-09T15:22:00.000000000Z,short,high,25249.5,25335.25,pt1:25163.75|pt2:25078,1760039940000000000,2025-10-09T19:59:00.000000000Z,25229.25,pt1_then_rth_close,277,20.25,40.5,2,38.5,88.75,46,
opening_range_box_breakout_short,candidate-bt-mnq-12mo-2025-10-15-1760543520000000000-opening_range_box_breakout_short,bt-mnq-12mo-2025-10-15-1760543520000000000,2025-10-15,1760543520000000000,2025-10-15T15:52:00.000000000Z,short,high,24896.5,25024.75,pt1:24768.25|pt2:24640,1760558340000000000,2025-10-15T19:59:00.000000000Z,24846.5,pt1_then_rth_close,247,50,100,2,98,233,97,
opening_range_box_breakout_short,candidate-bt-mnq-12mo-2025-10-16-1760623920000000000-opening_range_box_breakout_short,bt-mnq-12mo-2025-10-16-1760623920000000000,2025-10-16,1760623920000000000,2025-10-16T14:12:00.000000000Z,short,high,25025.5,25126,pt1:24925|pt2:24824.5,1760625360000000000,2025-10-16T14:36:00.000000000Z,25126,stop,24,-100.5,-201,2,-203,4.75,111,
opening_range_box_regime_long,candidate-bt-mnq-12mo-2025-10-21-1761055620000000000-opening_range_box_regime_long,bt-mnq-12mo-2025-10-21-1761055620000000000,2025-10-21,1761055620000000000,2025-10-21T14:07:00.000000000Z,long,low,25247.5,25211.5,pt1:25283.5|pt2:25319.5,1761056880000000000,2025-10-21T14:28:00.000000000Z,25247.5,stop,21,0,0,2,-2,38.5,41.25,
opening_range_box_regime_long,candidate-bt-mnq-12mo-2025-10-21-1761057360000000000-opening_range_box_regime_long,bt-mnq-12mo-2025-10-21-1761057360000000000,2025-10-21,1761057360000000000,2025-10-21T14:36:00.000000000Z,long,low,25246.5,25202.5,pt1:25290.5|pt2:25334.5,1761062460000000000,2025-10-21T16:01:00.000000000Z,25312.5,pt2,85,66,132,2,130,94.25,15.75,
opening_range_box_regime_long,candidate-bt-mnq-12mo-2025-10-21-1761066060000000000-opening_range_box_regime_long,bt-mnq-12mo-2025-10-21-1761066060000000000,2025-10-21,1761066060000000000,2025-10-21T17:01:00.000000000Z,long,low,25269.5,25202.5,pt1:25336.5|pt2:25403.5,1761076740000000000,2025-10-21T19:59:00.000000000Z,25291.25,rth_close,178,21.75,43.5,2,41.5,64.5,19.5,
opening_range_box_breakout_long,candidate-bt-mnq-12mo-2025-10-21-1761066780000000000-opening_range_box_breakout_long,bt-mnq-12mo-2025-10-21-1761066780000000000,2025-10-21,1761066780000000000,2025-10-21T17:13:00.000000000Z,long,low,25305,25213.25,pt1:25396.75|pt2:25488.5,1761076740000000000,2025-10-21T19:59:00.000000000Z,25291.25,rth_close,166,-13.75,-27.5,2,-29.5,29,47.25,
opening_range_box_regime_long,candidate-bt-mnq-12mo-2025-10-22-1761145200000000000-opening_range_box_regime_long,bt-mnq-12mo-2025-10-22-1761145200000000000,2025-10-22,1761145200000000000,2025-10-22T15:00:00.000000000Z,long,low,25175,25050,pt1:25300|pt2:25425,1761146580000000000,2025-10-22T15:23:00.000000000Z,25050,stop,23,-125,-250,2,-252,16.75,144.75,
opening_range_box_breakout_long,candidate-bt-mnq-12mo-2025-10-27-1761574380000000000-opening_range_box_breakout_long,bt-mnq-12mo-2025-10-27-1761574380000000000,2025-10-27,1761574380000000000,2025-10-27T14:13:00.000000000Z,long,low,25860.25,25795.75,pt1:25924.75|pt2:25989.25,1761595140000000000,2025-10-27T19:59:00.000000000Z,25942.875,pt1_then_rth_close,346,82.625,165.25,2,163.25,121.25,38.25,
opening_range_box_regime_long,candidate-bt-mnq-12mo-2025-10-27-1761574380000000000-opening_range_box_regime_long,bt-mnq-12mo-2025-10-27-1761574380000000000,2025-10-27,1761574380000000000,2025-10-27T14:13:00.000000000Z,long,low,25860.25,25795.75,pt1:25924.75|pt2:25989.25,1761595140000000000,2025-10-27T19:59:00.000000000Z,25942.875,pt1_then_rth_close,346,82.625,165.25,2,163.25,121.25,38.25,
opening_range_box_regime_long,candidate-bt-mnq-12mo-2025-10-28-1761663240000000000-opening_range_box_regime_long,bt-mnq-12mo-2025-10-28-1761663240000000000,2025-10-28,1761663240000000000,2025-10-28T14:54:00.000000000Z,long,low,26040,26008,pt1:26072|pt2:26104,1761665700000000000,2025-10-28T15:35:00.000000000Z,26008,stop,41,-32,-64,2,-66,16.5,34,
opening_range_box_regime_long,candidate-bt-mnq-12mo-2025-10-28-1761665940000000000-opening_range_box_regime_long,bt-mnq-12mo-2025-10-28-1761665940000000000,2025-10-28,1761665940000000000,2025-10-28T15:39:00.000000000Z,long,low,26051,26005.5,pt1:26096.5|pt2:26142,1761669000000000000,2025-10-28T16:30:00.000000000Z,26119.25,pt2,51,68.25,136.5,2,134.5,96,19.5,
opening_range_box_regime_long,candidate-bt-mnq-12mo-2025-10-29-1761756300000000000-opening_range_box_regime_long,bt-mnq-12mo-2025-10-29-1761756300000000000,2025-10-29,1761756300000000000,2025-10-29T16:45:00.000000000Z,long,low,26266.25,26203,pt1:26329.5|pt2:26392.75,1761762900000000000,2025-10-29T18:35:00.000000000Z,26203,stop,110,-63.25,-126.5,2,-128.5,23.75,115.75,
opening_range_box_breakout_short,candidate-bt-mnq-12mo-2025-10-30-1761851880000000000-opening_range_box_breakout_short,bt-mnq-12mo-2025-10-30-1761851880000000000,2025-10-30,1761851880000000000,2025-10-30T19:18:00.000000000Z,short,high,25941,26147.75,pt1:25734.25|pt2:25527.5,1761854340000000000,2025-10-30T19:59:00.000000000Z,25871.75,rth_close,41,69.25,138.5,2,136.5,72.75,20.5,
opening_range_box_breakout_short,candidate-bt-mnq-12mo-2025-10-31-1761939000000000000-opening_range_box_breakout_short,bt-mnq-12mo-2025-10-31-1761939000000000000,2025-10-31,1761939000000000000,2025-10-31T19:30:00.000000000Z,short,high,26079.75,26200,pt1:25959.5|pt2:25839.25,1761940740000000000,2025-10-31T19:59:00.000000000Z,25992.75,rth_close,29,87,174,2,172,87.5,38.5,
opening_range_box_breakout_short,candidate-bt-mnq-12mo-2025-11-03-1762182120000000000-opening_range_box_breakout_short,bt-mnq-12mo-2025-11-03-1762182120000000000,2025-11-03,1762182120000000000,2025-11-03T15:02:00.000000000Z,short,high,26119,26266.25,pt1:25971.75|pt2:25824.5,1762203540000000000,2025-11-03T20:59:00.000000000Z,26110.25,rth_close,357,8.75,17.5,2,15.5,106.25,47,
opening_range_box_breakout_long,candidate-bt-mnq-12mo-2025-11-04-1762269960000000000-opening_range_box_breakout_long,bt-mnq-12mo-2025-11-04-1762269960000000000,2025-11-04,1762269960000000000,2025-11-04T15:26:00.000000000Z,long,low,25881.5,25662.5,pt1:26100.5|pt2:26319.5,1762276740000000000,2025-11-04T17:19:00.000000000Z,25662.5,stop,113,-219,-438,2,-440,8.75,228.25,
opening_range_box_regime_long,candidate-bt-mnq-12mo-2025-11-04-1762269960000000000-opening_range_box_regime_long,bt-mnq-12mo-2025-11-04-1762269960000000000,2025-11-04,1762269960000000000,2025-11-04T15:26:00.000000000Z,long,low,25881.5,25662.5,pt1:26100.5|pt2:26319.5,1762276740000000000,2025-11-04T17:19:00.000000000Z,25662.5,stop,113,-219,-438,2,-440,8.75,228.25,
opening_range_box_breakout_short,candidate-bt-mnq-12mo-2025-11-07-1762539960000000000-opening_range_box_breakout_short,bt-mnq-12mo-2025-11-07-1762539960000000000,2025-11-07,1762539960000000000,2025-11-07T18:26:00.000000000Z,short,high,24917,25112,pt1:24722|pt2:24527,1762545540000000000,2025-11-07T19:59:00.000000000Z,25112,stop,93,-195,-390,2,-392,60.5,199.5,
opening_range_box_breakout_short,candidate-bt-mnq-12mo-2025-11-10-1762790340000000000-opening_range_box_breakout_short,bt-mnq-12mo-2025-11-10-1762790340000000000,2025-11-10,1762790340000000000,2025-11-10T15:59:00.000000000Z,short,high,25523.5,25658.25,pt1:25388.75|pt2:25254,1762799580000000000,2025-11-10T18:33:00.000000000Z,25658.25,stop,154,-134.75,-269.5,2,-271.5,71.25,140.25,
opening_range_box_breakout_short,candidate-bt-mnq-12mo-2025-11-11-1762877940000000000-opening_range_box_breakout_short,bt-mnq-12mo-2025-11-11-1762877940000000000,2025-11-11,1762877940000000000,2025-11-11T16:19:00.000000000Z,short,high,25560,25646.5,pt1:25473.5|pt2:25387,1762885080000000000,2025-11-11T18:18:00.000000000Z,25646.5,stop,119,-86.5,-173,2,-175,81.5,89.75,
opening_range_box_regime_long,candidate-bt-mnq-12mo-2025-11-12-1762962540000000000-opening_range_box_regime_long,bt-mnq-12mo-2025-11-12-1762962540000000000,2025-11-12,1762962540000000000,2025-11-12T15:49:00.000000000Z,long,low,25570.25,25531,pt1:25609.5|pt2:25648.75,1762963800000000000,2025-11-12T16:10:00.000000000Z,25531,stop,21,-39.25,-78.5,2,-80.5,9.75,61.25,
opening_range_box_regime_long,candidate-bt-mnq-12mo-2025-11-12-1762964820000000000-opening_range_box_regime_long,bt-mnq-12mo-2025-11-12-1762964820000000000,2025-11-12,1762964820000000000,2025-11-12T16:27:00.000000000Z,long,low,25562.25,25496.5,pt1:25628|pt2:25693.75,1762966080000000000,2025-11-12T16:48:00.000000000Z,25496.5,stop,21,-65.75,-131.5,2,-133.5,45.25,67,
opening_range_box_regime_long,candidate-bt-mnq-12mo-2025-11-12-1762968720000000000-opening_range_box_regime_long,bt-mnq-12mo-2025-11-12-1762968720000000000,2025-11-12,1762968720000000000,2025-11-12T17:32:00.000000000Z,long,low,25564,25488.25,pt1:25639.75|pt2:25715.5,1762981140000000000,2025-11-12T20:59:00.000000000Z,25632.75,pt1_then_rth_close,207,68.75,137.5,2,135.5,87.5,20,
opening_range_box_breakout_short,candidate-bt-mnq-12mo-2025-11-18-1763482320000000000-opening_range_box_breakout_short,bt-mnq-12mo-2025-11-18-1763482320000000000,2025-11-18,1763482320000000000,2025-11-18T16:12:00.000000000Z,short,high,24521.5,24832.5,pt1:24210.5|pt2:23899.5,1763499540000000000,2025-11-18T20:59:00.000000000Z,24585,rth_close,287,-63.5,-127,2,-129,33,288.75,
opening_range_box_breakout_short,candidate-bt-mnq-12mo-2025-11-19-1763573640000000000-opening_range_box_breakout_short,bt-mnq-12mo-2025-11-19-1763573640000000000,2025-11-19,1763573640000000000,2025-11-19T17:34:00.000000000Z,short,high,24572.25,24902,pt1:24242.5|pt2:23912.75,1763585940000000000,2025-11-19T20:59:00.000000000Z,24724.5,rth_close,205,-152.25,-304.5,2,-306.5,64.25,258,
opening_range_box_breakout_short,candidate-bt-mnq-12mo-2025-11-21-1763742060000000000-opening_range_box_breakout_short,bt-mnq-12mo-2025-11-21-1763742060000000000,2025-11-21,1763742060000000000,2025-11-21T16:21:00.000000000Z,short,high,24100.5,24298.75,pt1:23902.25|pt2:23704,1763744100000000000,2025-11-21T16:55:00.000000000Z,24298.75,stop,34,-198.25,-396.5,2,-398.5,12.75,203.5,
opening_range_box_breakout_short,candidate-bt-mnq-12mo-2025-11-26-1764169500000000000-opening_range_box_breakout_short,bt-mnq-12mo-2025-11-26-1764169500000000000,2025-11-26,1764169500000000000,2025-11-26T15:05:00.000000000Z,short,high,25155.25,25282,pt1:25028.5|pt2:24901.75,1764172920000000000,2025-11-26T16:02:00.000000000Z,25282,stop,57,-126.75,-253.5,2,-255.5,13,132.75,
opening_range_box_breakout_long,candidate-bt-mnq-12mo-2025-11-28-1764348900000000000-opening_range_box_breakout_long,bt-mnq-12mo-2025-11-28-1764348900000000000,2025-11-28,1764348900000000000,2025-11-28T16:55:00.000000000Z,long,low,25422,25329,pt1:25515|pt2:25608,1764353640000000000,2025-11-28T18:14:00.000000000Z,25484.75,rth_close,79,62.75,125.5,2,123.5,78.25,27.75,
opening_range_box_regime_long,candidate-bt-mnq-12mo-2025-11-28-1764350520000000000-opening_range_box_regime_long,bt-mnq-12mo-2025-11-28-1764350520000000000,2025-11-28,1764350520000000000,2025-11-28T17:22:00.000000000Z,long,low,25422,25329,pt1:25515|pt2:25608,1764353640000000000,2025-11-28T18:14:00.000000000Z,25484.75,rth_close,52,62.75,125.5,2,123.5,78.25,27.75,
opening_range_box_breakout_long,candidate-bt-mnq-12mo-2025-12-01-1764601980000000000-opening_range_box_breakout_long,bt-mnq-12mo-2025-12-01-1764601980000000000,2025-12-01,1764601980000000000,2025-12-01T15:13:00.000000000Z,long,low,25380.25,25208.5,pt1:25552|pt2:25723.75,1764622740000000000,2025-12-01T20:59:00.000000000Z,25401.75,rth_close,346,21.5,43,2,41,115.5,114,
opening_range_box_regime_long,candidate-bt-mnq-12mo-2025-12-01-1764601980000000000-opening_range_box_regime_long,bt-mnq-12mo-2025-12-01-1764601980000000000,2025-12-01,1764601980000000000,2025-12-01T15:13:00.000000000Z,long,low,25380.25,25208.5,pt1:25552|pt2:25723.75,1764622740000000000,2025-12-01T20:59:00.000000000Z,25401.75,rth_close,346,21.5,43,2,41,115.5,114,
opening_range_box_breakout_long,candidate-bt-mnq-12mo-2025-12-02-1764688860000000000-opening_range_box_breakout_long,bt-mnq-12mo-2025-12-02-1764688860000000000,2025-12-02,1764688860000000000,2025-12-02T15:21:00.000000000Z,long,low,25613.5,25470.75,pt1:25756.25|pt2:25899,1764692580000000000,2025-12-02T16:23:00.000000000Z,25470.75,stop,62,-142.75,-285.5,2,-287.5,56.5,146.75,
opening_range_box_regime_long,candidate-bt-mnq-12mo-2025-12-02-1764688860000000000-opening_range_box_regime_long,bt-mnq-12mo-2025-12-02-1764688860000000000,2025-12-02,1764688860000000000,2025-12-02T15:21:00.000000000Z,long,low,25613.5,25470.75,pt1:25756.25|pt2:25899,1764692580000000000,2025-12-02T16:23:00.000000000Z,25470.75,stop,62,-142.75,-285.5,2,-287.5,56.5,146.75,
opening_range_box_breakout_long,candidate-bt-mnq-12mo-2025-12-03-1764775680000000000-opening_range_box_breakout_long,bt-mnq-12mo-2025-12-03-1764775680000000000,2025-12-03,1764775680000000000,2025-12-03T15:28:00.000000000Z,long,low,25538.5,25429.5,pt1:25647.5|pt2:25756.5,1764795540000000000,2025-12-03T20:59:00.000000000Z,25652.375,pt1_then_rth_close,331,113.875,227.75,2,225.75,147.25,38,
opening_range_box_regime_long,candidate-bt-mnq-12mo-2025-12-04-1764862080000000000-opening_range_box_regime_long,bt-mnq-12mo-2025-12-04-1764862080000000000,2025-12-04,1764862080000000000,2025-12-04T15:28:00.000000000Z,long,low,25583.5,25519.5,pt1:25647.5|pt2:25711.5,1764864300000000000,2025-12-04T16:05:00.000000000Z,25519.5,stop,37,-64,-128,2,-130,55.5,72.75,
opening_range_box_regime_long,candidate-bt-mnq-12mo-2025-12-04-1764865260000000000-opening_range_box_regime_long,bt-mnq-12mo-2025-12-04-1764865260000000000,2025-12-04,1764865260000000000,2025-12-04T16:21:00.000000000Z,long,low,25584.75,25504.75,pt1:25664.75|pt2:25744.75,1764876060000000000,2025-12-04T19:21:00.000000000Z,25504.75,stop,180,-80,-160,2,-162,69.5,87.75,
opening_range_box_regime_long,candidate-bt-mnq-12mo-2025-12-04-1764876900000000000-opening_range_box_regime_long,bt-mnq-12mo-2025-12-04-1764876900000000000,2025-12-04,1764876900000000000,2025-12-04T19:35:00.000000000Z,long,low,25588,25486.5,pt1:25689.5|pt2:25791,1764881940000000000,2025-12-04T20:59:00.000000000Z,25627.5,rth_close,84,39.5,79,2,77,45,36.5,
opening_range_box_regime_long,candidate-bt-mnq-12mo-2025-12-05-1764952500000000000-opening_range_box_regime_long,bt-mnq-12mo-2025-12-05-1764952500000000000,2025-12-05,1764952500000000000,2025-12-05T16:35:00.000000000Z,long,low,25690.75,25650.5,pt1:25731|pt2:25771.25,1764968340000000000,2025-12-05T20:59:00.000000000Z,25728.5,pt1_then_rth_close,264,37.75,75.5,2,73.5,70.75,25.75,
opening_range_box_regime_long,candidate-bt-mnq-12mo-2025-12-10-1765381740000000000-opening_range_box_regime_long,bt-mnq-12mo-2025-12-10-1765381740000000000,2025-12-10,1765381740000000000,2025-12-10T15:49:00.000000000Z,long,low,25624.75,25562.75,pt1:25686.75|pt2:25748.75,1765382100000000000,2025-12-10T15:55:00.000000000Z,25562.75,stop,6,-62,-124,2,-126,2.25,74.5,
opening_range_box_regime_long,candidate-bt-mnq-12mo-2025-12-10-1765383240000000000-opening_range_box_regime_long,bt-mnq-12mo-2025-12-10-1765383240000000000,2025-12-10,1765383240000000000,2025-12-10T16:14:00.000000000Z,long,low,25610.25,25527.75,pt1:25692.75|pt2:25775.25,1765395300000000000,2025-12-10T19:35:00.000000000Z,25734,pt2,201,123.75,247.5,2,245.5,168.5,31.25,
opening_range_box_regime_long,candidate-bt-mnq-12mo-2025-12-10-1765395780000000000-opening_range_box_regime_long,bt-mnq-12mo-2025-12-10-1765395780000000000,2025-12-10,1765395780000000000,2025-12-10T19:43:00.000000000Z,long,low,25646.5,25527.75,pt1:25765.25|pt2:25884,1765400340000000000,2025-12-10T20:59:00.000000000Z,25782.75,pt1_then_rth_close,76,136.25,272.5,2,270.5,223.25,15.75,
opening_range_box_breakout_short,candidate-bt-mnq-12mo-2025-12-16-1765898700000000000-opening_range_box_breakout_short,bt-mnq-12mo-2025-12-16-1765898700000000000,2025-12-16,1765898700000000000,2025-12-16T15:25:00.000000000Z,short,high,24960,25155.5,pt1:24764.5|pt2:24569,1765917240000000000,2025-12-16T20:34:00.000000000Z,25155.5,stop,309,-195.5,-391,2,-393,33.75,205,
opening_range_box_breakout_long,candidate-bt-mnq-12mo-2025-12-19-1766165280000000000-opening_range_box_breakout_long,bt-mnq-12mo-2025-12-19-1766165280000000000,2025-12-19,1766165280000000000,2025-12-19T17:28:00.000000000Z,long,low,25573.75,25355.75,pt1:25791.75|pt2:26009.75,1766177940000000000,2025-12-19T20:59:00.000000000Z,25581.25,rth_close,211,7.5,15,2,13,23.75,29.5,
opening_range_box_regime_long,candidate-bt-mnq-12mo-2025-12-19-1766165280000000000-opening_range_box_regime_long,bt-mnq-12mo-2025-12-19-1766165280000000000,2025-12-19,1766165280000000000,2025-12-19T17:28:00.000000000Z,long,low,25573.75,25355.75,pt1:25791.75|pt2:26009.75,1766177940000000000,2025-12-19T20:59:00.000000000Z,25581.25,rth_close,211,7.5,15,2,13,23.75,29.5,
opening_range_box_regime_long,candidate-bt-mnq-12mo-2025-12-22-1766419740000000000-opening_range_box_regime_long,bt-mnq-12mo-2025-12-22-1766419740000000000,2025-12-22,1766419740000000000,2025-12-22T16:09:00.000000000Z,long,low,25692,25629,pt1:25755|pt2:25818,1766437140000000000,2025-12-22T20:59:00.000000000Z,25688.25,rth_close,290,-3.75,-7.5,2,-9.5,39.25,19.75,
opening_range_box_regime_long,candidate-bt-mnq-12mo-2025-12-23-1766503800000000000-opening_range_box_regime_long,bt-mnq-12mo-2025-12-23-1766503800000000000,2025-12-23,1766503800000000000,2025-12-23T15:30:00.000000000Z,long,low,25687.5,25626.75,pt1:25748.25|pt2:25809,1766522940000000000,2025-12-23T20:49:00.000000000Z,25778.625,pt2,319,91.125,182.25,2,180.25,122.5,8.5,
opening_range_box_breakout_long,candidate-bt-mnq-12mo-2025-12-23-1766507280000000000-opening_range_box_breakout_long,bt-mnq-12mo-2025-12-23-1766507280000000000,2025-12-23,1766507280000000000,2025-12-23T16:28:00.000000000Z,long,low,25751.75,25637.5,pt1:25866|pt2:25980.25,1766523540000000000,2025-12-23T20:59:00.000000000Z,25811.25,rth_close,271,59.5,119,2,117,68.5,20.25,
opening_range_box_breakout_long,candidate-bt-mnq-12mo-2025-12-24-1766589120000000000-opening_range_box_breakout_long,bt-mnq-12mo-2025-12-24-1766589120000000000,2025-12-24,1766589120000000000,2025-12-24T15:12:00.000000000Z,long,low,25828,25781.25,pt1:25874.75|pt2:25921.5,1766600040000000000,2025-12-24T18:14:00.000000000Z,25868.25,pt1_then_rth_close,182,40.25,80.5,2,78.5,64.25,24,
opening_range_box_regime_long,candidate-bt-mnq-12mo-2025-12-24-1766589120000000000-opening_range_box_regime_long,bt-mnq-12mo-2025-12-24-1766589120000000000,2025-12-24,1766589120000000000,2025-12-24T15:12:00.000000000Z,long,low,25828,25781.25,pt1:25874.75|pt2:25921.5,1766600040000000000,2025-12-24T18:14:00.000000000Z,25868.25,pt1_then_rth_close,182,40.25,80.5,2,78.5,64.25,24,
opening_range_box_regime_long,candidate-bt-mnq-12mo-2025-12-26-1766762400000000000-opening_range_box_regime_long,bt-mnq-12mo-2025-12-26-1766762400000000000,2025-12-26,1766762400000000000,2025-12-26T15:20:00.000000000Z,long,low,25879,25833.75,pt1:25924.25|pt2:25969.5,1766782740000000000,2025-12-26T20:59:00.000000000Z,25866.75,rth_close,339,-12.25,-24.5,2,-26.5,32,30.75,
opening_range_box_regime_long,candidate-bt-mnq-12mo-2025-12-29-1767021720000000000-opening_range_box_regime_long,bt-mnq-12mo-2025-12-29-1767021720000000000,2025-12-29,1767021720000000000,2025-12-29T15:22:00.000000000Z,long,low,25732.25,25661,pt1:25803.5|pt2:25874.75,1767029220000000000,2025-12-29T17:27:00.000000000Z,25661,stop,125,-71.25,-142.5,2,-144.5,41,75.25,
opening_range_box_regime_long,candidate-bt-mnq-12mo-2025-12-29-1767031980000000000-opening_range_box_regime_long,bt-mnq-12mo-2025-12-29-1767031980000000000,2025-12-29,1767031980000000000,2025-12-29T18:13:00.000000000Z,long,low,25683.25,25647.25,pt1:25719.25|pt2:25755.25,1767037680000000000,2025-12-29T19:48:00.000000000Z,25737.25,pt2,95,54,108,2,106,73.75,2.25,
opening_range_box_regime_long,candidate-bt-mnq-12mo-2025-12-31-1767199860000000000-opening_range_box_regime_long,bt-mnq-12mo-2025-12-31-1767199860000000000,2025-12-31,1767199860000000000,2025-12-31T16:51:00.000000000Z,long,low,25590,25542,pt1:25638|pt2:25686,1767209640000000000,2025-12-31T19:34:00.000000000Z,25542,stop,163,-48,-96,2,-98,44.75,54,
opening_range_box_breakout_long,candidate-bt-mnq-12mo-2026-01-06-1767711600000000000-opening_range_box_breakout_long,bt-mnq-12mo-2026-01-06-1767711600000000000,2026-01-06,1767711600000000000,2026-01-06T15:00:00.000000000Z,long,low,25762,25608.25,pt1:25915.75|pt2:26069.5,1767733140000000000,2026-01-06T20:59:00.000000000Z,25813.25,rth_close,359,51.25,102.5,2,100.5,75.75,123,
opening_range_box_regime_long,candidate-bt-mnq-12mo-2026-01-06-1767711600000000000-opening_range_box_regime_long,bt-mnq-12mo-2026-01-06-1767711600000000000,2026-01-06,1767711600000000000,2026-01-06T15:00:00.000000000Z,long,low,25762,25608.25,pt1:25915.75|pt2:26069.5,1767733140000000000,2026-01-06T20:59:00.000000000Z,25813.25,rth_close,359,51.25,102.5,2,100.5,75.75,123,
opening_range_box_breakout_long,candidate-bt-mnq-12mo-2026-01-07-1767803280000000000-opening_range_box_breakout_long,bt-mnq-12mo-2026-01-07-1767803280000000000,2026-01-07,1767803280000000000,2026-01-07T16:28:00.000000000Z,long,low,25880.5,25770.25,pt1:25990.75|pt2:26101,1767819540000000000,2026-01-07T20:59:00.000000000Z,25912.75,pt1_then_rth_close,271,32.25,64.5,2,62.5,117.5,66.25,
opening_range_box_regime_long,candidate-bt-mnq-12mo-2026-01-07-1767803280000000000-opening_range_box_regime_long,bt-mnq-12mo-2026-01-07-1767803280000000000,2026-01-07,1767803280000000000,2026-01-07T16:28:00.000000000Z,long,low,25880.5,25770.25,pt1:25990.75|pt2:26101,1767819540000000000,2026-01-07T20:59:00.000000000Z,25912.75,pt1_then_rth_close,271,32.25,64.5,2,62.5,117.5,66.25,
opening_range_box_regime_long,candidate-bt-mnq-12mo-2026-01-08-1767884820000000000-opening_range_box_regime_long,bt-mnq-12mo-2026-01-08-1767884820000000000,2026-01-08,1767884820000000000,2026-01-08T15:07:00.000000000Z,long,low,25652.25,25569,pt1:25735.5|pt2:25818.75,1767905940000000000,2026-01-08T20:59:00.000000000Z,25682.75,rth_close,352,30.5,61,2,59,61.25,68.5,
opening_range_box_regime_long,candidate-bt-mnq-12mo-2026-01-09-1767971700000000000-opening_range_box_regime_long,bt-mnq-12mo-2026-01-09-1767971700000000000,2026-01-09,1767971700000000000,2026-01-09T15:15:00.000000000Z,long,low,25755.75,25615.25,pt1:25896.25|pt2:26036.75,1767992340000000000,2026-01-09T20:59:00.000000000Z,25914.625,pt1_then_rth_close,344,158.875,317.75,2,315.75,230.25,24,
opening_range_box_breakout_long,candidate-bt-mnq-12mo-2026-01-09-1767973800000000000-opening_range_box_breakout_long,bt-mnq-12mo-2026-01-09-1767973800000000000,2026-01-09,1767973800000000000,2026-01-09T15:50:00.000000000Z,long,low,25791.5,25647.75,pt1:25935.25|pt2:26079,1767992340000000000,2026-01-09T20:59:00.000000000Z,25934.125,pt1_then_rth_close,309,142.625,285.25,2,283.25,194.5,28,
opening_range_box_regime_long,candidate-bt-mnq-12mo-2026-01-14-1768403520000000000-opening_range_box_regime_long,bt-mnq-12mo-2026-01-14-1768403520000000000,2026-01-14,1768403520000000000,2026-01-14T15:12:00.000000000Z,long,low,25638.25,25532.5,pt1:25744|pt2:25849.75,1768405560000000000,2026-01-14T15:46:00.000000000Z,25532.5,stop,34,-105.75,-211.5,2,-213.5,56.75,115,
opening_range_box_regime_long,candidate-bt-mnq-12mo-2026-01-14-1768421220000000000-opening_range_box_regime_long,bt-mnq-12mo-2026-01-14-1768421220000000000,2026-01-14,1768421220000000000,2026-01-14T20:07:00.000000000Z,long,low,25587.75,25420.75,pt1:25754.75|pt2:25921.75,1768424340000000000,2026-01-14T20:59:00.000000000Z,25636.75,rth_close,52,49,98,2,96,56.25,67.75,
opening_range_box_breakout_short,candidate-bt-mnq-12mo-2026-01-15-1768492560000000000-opening_range_box_breakout_short,bt-mnq-12mo-2026-01-15-1768492560000000000,2026-01-15,1768492560000000000,2026-01-15T15:56:00.000000000Z,short,high,25842.25,25954.75,pt1:25729.75|pt2:25617.25,1768510740000000000,2026-01-15T20:59:00.000000000Z,25724.375,pt1_then_rth_close,303,117.875,235.75,2,233.75,161.5,97.5,
opening_range_box_regime_long,candidate-bt-mnq-12mo-2026-01-16-1768581540000000000-opening_range_box_regime_long,bt-mnq-12mo-2026-01-16-1768581540000000000,2026-01-16,1768581540000000000,2026-01-16T16:39:00.000000000Z,long,low,25726.75,25589.75,pt1:25863.75|pt2:26000.75,1768597140000000000,2026-01-16T20:59:00.000000000Z,25684.75,rth_close,260,-42,-84,2,-86,26.5,72.75,
opening_range_box_breakout_long,candidate-bt-mnq-12mo-2026-01-19-1768834800000000000-opening_range_box_breakout_long,bt-mnq-12mo-2026-01-19-1768834800000000000,2026-01-19,1768834800000000000,2026-01-19T15:00:00.000000000Z,long,low,25318.5,25235.75,pt1:25401.25|pt2:25484,1768845540000000000,2026-01-19T17:59:00.000000000Z,25399.5,pt1_then_rth_close,179,81,162,2,160,99.5,30.75,
opening_range_box_regime_long,candidate-bt-mnq-12mo-2026-01-19-1768834800000000000-opening_range_box_regime_long,bt-mnq-12mo-2026-01-19-1768834800000000000,2026-01-19,1768834800000000000,2026-01-19T15:00:00.000000000Z,long,low,25318.5,25235.75,pt1:25401.25|pt2:25484,1768845540000000000,2026-01-19T17:59:00.000000000Z,25399.5,pt1_then_rth_close,179,81,162,2,160,99.5,30.75,
opening_range_box_breakout_long,candidate-bt-mnq-12mo-2026-01-20-1768929300000000000-opening_range_box_breakout_long,bt-mnq-12mo-2026-01-20-1768929300000000000,2026-01-20,1768929300000000000,2026-01-20T17:15:00.000000000Z,long,low,25369.5,25232,pt1:25507|pt2:25644.5,1768933980000000000,2026-01-20T18:33:00.000000000Z,25232,stop,78,-137.5,-275,2,-277,1.5,148.75,
opening_range_box_regime_long,candidate-bt-mnq-12mo-2026-01-20-1768929300000000000-opening_range_box_regime_long,bt-mnq-12mo-2026-01-20-1768929300000000000,2026-01-20,1768929300000000000,2026-01-20T17:15:00.000000000Z,long,low,25369.5,25232,pt1:25507|pt2:25644.5,1768933980000000000,2026-01-20T18:33:00.000000000Z,25232,stop,78,-137.5,-275,2,-277,1.5,148.75,
opening_range_box_breakout_long,candidate-bt-mnq-12mo-2026-01-21-1769013720000000000-opening_range_box_breakout_long,bt-mnq-12mo-2026-01-21-1769013720000000000,2026-01-21,1769013720000000000,2026-01-21T16:42:00.000000000Z,long,low,25340.25,25128,pt1:25552.5|pt2:25764.75,1769029140000000000,2026-01-21T20:59:00.000000000Z,25512,pt1_then_rth_close,257,171.75,343.5,2,341.5,313,197.5,
opening_range_box_breakout_short,candidate-bt-mnq-12mo-2026-01-22-1769094300000000000-opening_range_box_breakout_short,bt-mnq-12mo-2026-01-22-1769094300000000000,2026-01-22,1769094300000000000,2026-01-22T15:05:00.000000000Z,short,high,25553.75,25732.75,pt1:25374.75|pt2:25195.75,1769115540000000000,2026-01-22T20:59:00.000000000Z,25661.5,rth_close,354,-107.75,-215.5,2,-217.5,19,167.5,
opening_range_box_breakout_long,candidate-bt-mnq-12mo-2026-01-26-1769442000000000000-opening_range_box_breakout_long,bt-mnq-12mo-2026-01-26-1769442000000000000,2026-01-26,1769442000000000000,2026-01-26T15:40:00.000000000Z,long,low,25854,25703.75,pt1:26004.25|pt2:26154.5,1769461140000000000,2026-01-26T20:59:00.000000000Z,25844.5,rth_close,319,-9.5,-19,2,-21,78.75,21,
opening_range_box_breakout_long,candidate-bt-mnq-12mo-2026-01-27-1769526720000000000-opening_range_box_breakout_long,bt-mnq-12mo-2026-01-27-1769526720000000000,2026-01-27,1769526720000000000,2026-01-27T15:12:00.000000000Z,long,low,26061.5,25916.75,pt1:26206.25|pt2:26351,1769547540000000000,2026-01-27T20:59:00.000000000Z,26076,rth_close,347,14.5,29,2,27,53,24.75,
opening_range_box_regime_long,candidate-bt-mnq-12mo-2026-01-27-1769526720000000000-opening_range_box_regime_long,bt-mnq-12mo-2026-01-27-1769526720000000000,2026-01-27,1769526720000000000,2026-01-27T15:12:00.000000000Z,long,low,26061.5,25916.75,pt1:26206.25|pt2:26351,1769547540000000000,2026-01-27T20:59:00.000000000Z,26076,rth_close,347,14.5,29,2,27,53,24.75,
opening_range_box_regime_long,candidate-bt-mnq-12mo-2026-01-29-1769711820000000000-opening_range_box_regime_long,bt-mnq-12mo-2026-01-29-1769711820000000000,2026-01-29,1769711820000000000,2026-01-29T18:37:00.000000000Z,long,low,25860.5,25535.5,pt1:26185.5|pt2:26510.5,1769720340000000000,2026-01-29T20:59:00.000000000Z,25992.25,rth_close,142,131.75,263.5,2,261.5,159.5,40.25,
opening_range_box_breakout_short,candidate-bt-mnq-12mo-2026-02-03-1770134160000000000-opening_range_box_breakout_short,bt-mnq-12mo-2026-02-03-1770134160000000000,2026-02-03,1770134160000000000,2026-02-03T15:56:00.000000000Z,short,high,25622.5,25953,pt1:25292|pt2:24961.5,1770152340000000000,2026-02-03T20:59:00.000000000Z,25368.625,pt1_then_rth_close,303,253.875,507.75,2,505.75,404.5,9.25,
opening_range_box_breakout_short,candidate-bt-mnq-12mo-2026-02-05-1770306000000000000-opening_range_box_breakout_short,bt-mnq-12mo-2026-02-05-1770306000000000000,2026-02-05,1770306000000000000,2026-02-05T15:40:00.000000000Z,short,high,24651.25,24961.75,pt1:24340.75|pt2:24030.25,1770325140000000000,2026-02-05T20:59:00.000000000Z,24639.25,rth_close,319,12,24,2,22,114.25,236.5,
opening_range_box_breakout_short,candidate-bt-mnq-12mo-2026-02-10-1770755580000000000-opening_range_box_breakout_short,bt-mnq-12mo-2026-02-10-1770755580000000000,2026-02-10,1770755580000000000,2026-02-10T20:33:00.000000000Z,short,high,25250.75,25410.75,pt1:25090.75|pt2:24930.75,1770757140000000000,2026-02-10T20:59:00.000000000Z,25219,rth_close,26,31.75,63.5,2,61.5,53.25,14.75,
opening_range_box_regime_long,candidate-bt-mnq-12mo-2026-02-11-1770835920000000000-opening_range_box_regime_long,bt-mnq-12mo-2026-02-11-1770835920000000000,2026-02-11,1770835920000000000,2026-02-11T18:52:00.000000000Z,long,low,25291.75,25057.5,pt1:25526|pt2:25760.25,1770843540000000000,2026-02-11T20:59:00.000000000Z,25278.25,rth_close,127,-13.5,-27,2,-29,69,34,
opening_range_box_breakout_short,candidate-bt-mnq-12mo-2026-02-12-1770910380000000000-opening_range_box_breakout_short,bt-mnq-12mo-2026-02-12-1770910380000000000,2026-02-12,1770910380000000000,2026-02-12T15:33:00.000000000Z,short,high,25185.75,25394.25,pt1:24977.25|pt2:24768.75,1770929280000000000,2026-02-12T20:48:00.000000000Z,24873,pt2,315,312.75,625.5,2,623.5,417.25,12,
opening_range_box_breakout_short,candidate-bt-mnq-12mo-2026-02-16-1771256220000000000-opening_range_box_breakout_short,bt-mnq-12mo-2026-02-16-1771256220000000000,2026-02-16,1771256220000000000,2026-02-16T15:37:00.000000000Z,short,high,24691.75,24783,pt1:24600.5|pt2:24509.25,1771264740000000000,2026-02-16T17:59:00.000000000Z,24746,rth_close,142,-54.25,-108.5,2,-110.5,21.25,79.5,
opening_range_box_regime_long,candidate-bt-mnq-12mo-2026-02-17-1771341300000000000-opening_range_box_regime_long,bt-mnq-12mo-2026-02-17-1771341300000000000,2026-02-17,1771341300000000000,2026-02-17T15:15:00.000000000Z,long,low,24509.75,24460.75,pt1:24558.75|pt2:24607.75,1771341480000000000,2026-02-17T15:18:00.000000000Z,24583.25,pt2,3,73.5,147,2,145,108.25,1.75,
opening_range_box_regime_long,candidate-bt-mnq-12mo-2026-02-17-1771341540000000000-opening_range_box_regime_long,bt-mnq-12mo-2026-02-17-1771341540000000000,2026-02-17,1771341540000000000,2026-02-17T15:19:00.000000000Z,long,low,24633.5,24460.75,pt1:24806.25|pt2:24979,1771342380000000000,2026-02-17T15:33:00.000000000Z,24460.75,stop,14,-172.75,-345.5,2,-347.5,6.5,184.25,
opening_range_box_regime_long,candidate-bt-mnq-12mo-2026-02-17-1771343220000000000-opening_range_box_regime_long,bt-mnq-12mo-2026-02-17-1771343220000000000,2026-02-17,1771343220000000000,2026-02-17T15:47:00.000000000Z,long,low,24576,24448.75,pt1:24703.25|pt2:24830.5,1771353600000000000,2026-02-17T18:40:00.000000000Z,24766.875,pt2,173,190.875,381.75,2,379.75,277.75,37,
opening_range_box_breakout_long,candidate-bt-mnq-12mo-2026-02-17-1771358820000000000-opening_range_box_breakout_long,bt-mnq-12mo-2026-02-17-1771358820000000000,2026-02-17,1771358820000000000,2026-02-17T20:07:00.000000000Z,long,low,24816,24475.25,pt1:25156.75|pt2:25497.5,1771361940000000000,2026-02-17T20:59:00.000000000Z,24776.75,rth_close,52,-39.25,-78.5,2,-80.5,5,80.25,
opening_range_box_regime_long,candidate-bt-mnq-12mo-2026-02-17-1771358820000000000-opening_range_box_regime_long,bt-mnq-12mo-2026-02-17-1771358820000000000,2026-02-17,1771358820000000000,2026-02-17T20:07:00.000000000Z,long,low,24816,24475.25,pt1:25156.75|pt2:25497.5,1771361940000000000,2026-02-17T20:59:00.000000000Z,24776.75,rth_close,52,-39.25,-78.5,2,-80.5,5,80.25,
opening_range_box_breakout_long,candidate-bt-mnq-12mo-2026-02-20-1771608780000000000-opening_range_box_breakout_long,bt-mnq-12mo-2026-02-20-1771608780000000000,2026-02-20,1771608780000000000,2026-02-20T17:33:00.000000000Z,long,low,24958.5,24676.5,pt1:25240.5|pt2:25522.5,1771621140000000000,2026-02-20T20:59:00.000000000Z,25074.25,rth_close,206,115.75,231.5,2,229.5,164,46.25,
opening_range_box_regime_long,candidate-bt-mnq-12mo-2026-02-20-1771608780000000000-opening_range_box_regime_long,bt-mnq-12mo-2026-02-20-1771608780000000000,2026-02-20,1771608780000000000,2026-02-20T17:33:00.000000000Z,long,low,24958.5,24676.5,pt1:25240.5|pt2:25522.5,1771621140000000000,2026-02-20T20:59:00.000000000Z,25074.25,rth_close,206,115.75,231.5,2,229.5,164,46.25,
opening_range_box_breakout_short,candidate-bt-mnq-12mo-2026-02-23-1771859340000000000-opening_range_box_breakout_short,bt-mnq-12mo-2026-02-23-1771859340000000000,2026-02-23,1771859340000000000,2026-02-23T15:09:00.000000000Z,short,high,24857,25040.5,pt1:24673.5|pt2:24490,1771880340000000000,2026-02-23T20:59:00.000000000Z,24720.75,pt1_then_rth_close,350,136.25,272.5,2,270.5,189.25,72.75,
opening_range_box_breakout_long,candidate-bt-mnq-12mo-2026-03-02-1772465160000000000-opening_range_box_breakout_long,bt-mnq-12mo-2026-03-02-1772465160000000000,2026-03-02,1772465160000000000,2026-03-02T15:26:00.000000000Z,long,low,24899.5,24604.75,pt1:25194.25|pt2:25489,1772485140000000000,2026-03-02T20:59:00.000000000Z,25022.25,rth_close,333,122.75,245.5,2,243.5,200.5,57.5,
opening_range_box_regime_long,candidate-bt-mnq-12mo-2026-03-02-1772465160000000000-opening_range_box_regime_long,bt-mnq-12mo-2026-03-02-1772465160000000000,2026-03-02,1772465160000000000,2026-03-02T15:26:00.000000000Z,long,low,24899.5,24604.75,pt1:25194.25|pt2:25489,1772485140000000000,2026-03-02T20:59:00.000000000Z,25022.25,rth_close,333,122.75,245.5,2,243.5,200.5,57.5,
opening_range_box_breakout_short,candidate-bt-mnq-12mo-2026-03-05-1772728200000000000-opening_range_box_breakout_short,bt-mnq-12mo-2026-03-05-1772728200000000000,2026-03-05,1772728200000000000,2026-03-05T16:30:00.000000000Z,short,high,24984.75,25188.5,pt1:24781|pt2:24577.25,1772744340000000000,2026-03-05T20:59:00.000000000Z,24914.5,pt1_then_rth_close,269,70.25,140.5,2,138.5,210.75,138.25,
opening_range_box_regime_long,candidate-bt-mnq-12mo-2026-03-11-1773240360000000000-opening_range_box_regime_long,bt-mnq-12mo-2026-03-11-1773240360000000000,2026-03-11,1773240360000000000,2026-03-11T14:46:00.000000000Z,long,low,25016.5,24958,pt1:25075|pt2:25133.5,1773241920000000000,2026-03-11T15:12:00.000000000Z,25016.5,stop,26,0,0,2,-2,73.5,58.5,
opening_range_box_regime_long,candidate-bt-mnq-12mo-2026-03-11-1773248400000000000-opening_range_box_regime_long,bt-mnq-12mo-2026-03-11-1773248400000000000,2026-03-11,1773248400000000000,2026-03-11T17:00:00.000000000Z,long,low,25020.5,24891.5,pt1:25149.5|pt2:25278.5,1773250680000000000,2026-03-11T17:38:00.000000000Z,24891.5,stop,38,-129,-258,2,-260,5.25,146.75,
opening_range_box_regime_long,candidate-bt-mnq-12mo-2026-03-12-1773326760000000000-opening_range_box_regime_long,bt-mnq-12mo-2026-03-12-1773326760000000000,2026-03-12,1773326760000000000,2026-03-12T14:46:00.000000000Z,long,low,24703.75,24572,pt1:24835.5|pt2:24967.25,1773328320000000000,2026-03-12T15:12:00.000000000Z,24572,stop,26,-131.75,-263.5,2,-265.5,4.25,137,
opening_range_box_regime_long,candidate-bt-mnq-12mo-2026-03-12-1773330060000000000-opening_range_box_regime_long,bt-mnq-12mo-2026-03-12-1773330060000000000,2026-03-12,1773330060000000000,2026-03-12T15:41:00.000000000Z,long,low,24680.5,24560.5,pt1:24800.5|pt2:24920.5,1773344760000000000,2026-03-12T19:46:00.000000000Z,24560.5,stop,245,-120,-240,2,-242,54.75,122.75,
opening_range_box_regime_long,candidate-bt-mnq-12mo-2026-03-17-1773765840000000000-opening_range_box_regime_long,bt-mnq-12mo-2026-03-17-1773765840000000000,2026-03-17,1773765840000000000,2026-03-17T16:44:00.000000000Z,long,low,24806.5,24726.5,pt1:24886.5|pt2:24966.5,1773777540000000000,2026-03-17T19:59:00.000000000Z,24791.75,rth_close,195,-14.75,-29.5,2,-31.5,35.25,43.25,
opening_range_box_regime_long,candidate-bt-mnq-12mo-2026-03-18-1773846000000000000-opening_range_box_regime_long,bt-mnq-12mo-2026-03-18-1773846000000000000,2026-03-18,1773846000000000000,2026-03-18T15:00:00.000000000Z,long,low,24688.5,24594.25,pt1:24782.75|pt2:24877,1773853260000000000,2026-03-18T17:01:00.000000000Z,24594.25,stop,121,-94.25,-188.5,2,-190.5,26.25,97,
opening_range_box_breakout_long,candidate-bt-mnq-12mo-2026-03-19-1773930960000000000-opening_range_box_breakout_long,bt-mnq-12mo-2026-03-19-1773930960000000000,2026-03-19,1773930960000000000,2026-03-19T14:36:00.000000000Z,long,low,24521.75,24323.75,pt1:24719.75|pt2:24917.75,1773950340000000000,2026-03-19T19:59:00.000000000Z,24574.5,rth_close,323,52.75,105.5,2,103.5,169.75,144.5,
opening_range_box_regime_long,candidate-bt-mnq-12mo-2026-03-19-1773930960000000000-opening_range_box_regime_long,bt-mnq-12mo-2026-03-19-1773930960000000000,2026-03-19,1773930960000000000,2026-03-19T14:36:00.000000000Z,long,low,24521.75,24323.75,pt1:24719.75|pt2:24917.75,1773950340000000000,2026-03-19T19:59:00.000000000Z,24574.5,rth_close,323,52.75,105.5,2,103.5,169.75,144.5,
opening_range_box_regime_long,candidate-bt-mnq-12mo-2026-03-20-1774017000000000000-opening_range_box_regime_long,bt-mnq-12mo-2026-03-20-1774017000000000000,2026-03-20,1774017000000000000,2026-03-20T14:30:00.000000000Z,long,low,24296,24240.25,pt1:24351.75|pt2:24407.5,1774018440000000000,2026-03-20T14:54:00.000000000Z,24240.25,stop,24,-55.75,-111.5,2,-113.5,31,64.5,
opening_range_box_regime_long,candidate-bt-mnq-12mo-2026-03-20-1774018500000000000-opening_range_box_regime_long,bt-mnq-12mo-2026-03-20-1774018500000000000,2026-03-20,1774018500000000000,2026-03-20T14:55:00.000000000Z,long,low,24287.5,24231,pt1:24344|pt2:24400.5,1774026300000000000,2026-03-20T17:05:00.000000000Z,24287.5,stop,130,0,0,2,-2,71.5,62,
opening_range_box_breakout_short,candidate-bt-mnq-12mo-2026-03-23-1774282500000000000-opening_range_box_breakout_short,bt-mnq-12mo-2026-03-23-1774282500000000000,2026-03-23,1774282500000000000,2026-03-23T16:15:00.000000000Z,short,high,24432,24608.75,pt1:24255.25|pt2:24078.5,1774295940000000000,2026-03-23T19:59:00.000000000Z,24398.75,rth_close,224,33.25,66.5,2,64.5,127,105,
opening_range_box_breakout_long,candidate-bt-mnq-12mo-2026-03-24-1774364220000000000-opening_range_box_breakout_long,bt-mnq-12mo-2026-03-24-1774364220000000000,2026-03-24,1774364220000000000,2026-03-24T14:57:00.000000000Z,long,low,24317.5,24134.25,pt1:24500.75|pt2:24684,1774382340000000000,2026-03-24T19:59:00.000000000Z,24218.75,rth_close,302,-98.75,-197.5,2,-199.5,67.25,157.25,
opening_range_box_regime_long,candidate-bt-mnq-12mo-2026-03-24-1774364220000000000-opening_range_box_regime_long,bt-mnq-12mo-2026-03-24-1774364220000000000,2026-03-24,1774364220000000000,2026-03-24T14:57:00.000000000Z,long,low,24317.5,24134.25,pt1:24500.75|pt2:24684,1774382340000000000,2026-03-24T19:59:00.000000000Z,24218.75,rth_close,302,-98.75,-197.5,2,-199.5,67.25,157.25,
opening_range_box_regime_long,candidate-bt-mnq-12mo-2026-03-25-1774447740000000000-opening_range_box_regime_long,bt-mnq-12mo-2026-03-25-1774447740000000000,2026-03-25,1774447740000000000,2026-03-25T14:09:00.000000000Z,long,low,24419.75,24328,pt1:24511.5|pt2:24603.25,1774451760000000000,2026-03-25T15:16:00.000000000Z,24419.75,stop,67,0,0,2,-2,99.5,111,
opening_range_box_regime_long,candidate-bt-mnq-12mo-2026-03-25-1774452540000000000-opening_range_box_regime_long,bt-mnq-12mo-2026-03-25-1774452540000000000,2026-03-25,1774452540000000000,2026-03-25T15:29:00.000000000Z,long,low,24425.75,24286.75,pt1:24564.75|pt2:24703.75,1774468740000000000,2026-03-25T19:59:00.000000000Z,24372.25,rth_close,270,-53.5,-107,2,-109,68,113.75,
opening_range_box_regime_long,candidate-bt-mnq-12mo-2026-03-26-1774537740000000000-opening_range_box_regime_long,bt-mnq-12mo-2026-03-26-1774537740000000000,2026-03-26,1774537740000000000,2026-03-26T15:09:00.000000000Z,long,low,24095.75,24032.25,pt1:24159.25|pt2:24222.75,1774541820000000000,2026-03-26T16:17:00.000000000Z,24032.25,stop,68,-63.5,-127,2,-129,31.5,78.5,
opening_range_box_regime_long,candidate-bt-mnq-12mo-2026-03-30-1774882620000000000-opening_range_box_regime_long,bt-mnq-12mo-2026-03-30-1774882620000000000,2026-03-30,1774882620000000000,2026-03-30T14:57:00.000000000Z,long,low,23354.5,23261.75,pt1:23447.25|pt2:23540,1774890240000000000,2026-03-30T17:04:00.000000000Z,23261.75,stop,127,-92.75,-185.5,2,-187.5,83.25,93,
opening_range_box_regime_long,candidate-bt-mnq-12mo-2026-04-07-1775572380000000000-opening_range_box_regime_long,bt-mnq-12mo-2026-04-07-1775572380000000000,2026-04-07,1775572380000000000,2026-04-07T14:33:00.000000000Z,long,low,24137.75,23993.5,pt1:24282|pt2:24426.25,1775574000000000000,2026-04-07T15:00:00.000000000Z,23993.5,stop,27,-144.25,-288.5,2,-290.5,0,155.75,
opening_range_box_regime_long,candidate-bt-mnq-12mo-2026-04-07-1775580600000000000-opening_range_box_regime_long,bt-mnq-12mo-2026-04-07-1775580600000000000,2026-04-07,1775580600000000000,2026-04-07T16:50:00.000000000Z,long,low,24229.25,23941,pt1:24517.5|pt2:24805.75,1775591940000000000,2026-04-07T19:59:00.000000000Z,24369.25,rth_close,189,140,280,2,278,151.5,152.75,
opening_range_box_breakout_short,candidate-bt-mnq-12mo-2026-04-08-1775657940000000000-opening_range_box_breakout_short,bt-mnq-12mo-2026-04-08-1775657940000000000,2026-04-08,1775657940000000000,2026-04-08T14:19:00.000000000Z,short,high,25064.5,25252.25,pt1:24876.75|pt2:24689,1775678340000000000,2026-04-08T19:59:00.000000000Z,25079.5,rth_close,340,-15,-30,2,-32,138,93,
opening_range_box_regime_long,candidate-bt-mnq-12mo-2026-04-09-1775746320000000000-opening_range_box_regime_long,bt-mnq-12mo-2026-04-09-1775746320000000000,2026-04-09,1775746320000000000,2026-04-09T14:52:00.000000000Z,long,low,25027,24959.75,pt1:25094.25|pt2:25161.5,1775749680000000000,2026-04-09T15:48:00.000000000Z,25127.875,pt2,56,100.875,201.75,2,199.75,151.25,13.5,
opening_range_box_regime_long,candidate-bt-mnq-12mo-2026-04-10-1775830380000000000-opening_range_box_regime_long,bt-mnq-12mo-2026-04-10-1775830380000000000,2026-04-10,1775830380000000000,2026-04-10T14:13:00.000000000Z,long,low,25313.25,25268.25,pt1:25358.25|pt2:25403.25,1775836500000000000,2026-04-10T15:55:00.000000000Z,25313.25,stop,102,0,0,2,-2,80.25,48.5,
opening_range_box_breakout_long,candidate-bt-mnq-12mo-2026-04-10-1775834400000000000-opening_range_box_breakout_long,bt-mnq-12mo-2026-04-10-1775834400000000000,2026-04-10,1775834400000000000,2026-04-10T15:20:00.000000000Z,long,low,25372.5,25289.5,pt1:25455.5|pt2:25538.5,1775835600000000000,2026-04-10T15:40:00.000000000Z,25289.5,stop,20,-83,-166,2,-168,21,87,
opening_range_box_regime_long,candidate-bt-mnq-12mo-2026-04-10-1775848980000000000-opening_range_box_regime_long,bt-mnq-12mo-2026-04-10-1775848980000000000,2026-04-10,1775848980000000000,2026-04-10T19:23:00.000000000Z,long,low,25299.5,25221.5,pt1:25377.5|pt2:25455.5,1775851140000000000,2026-04-10T19:59:00.000000000Z,25284,rth_close,36,-15.5,-31,2,-33,1.25,40,
opening_range_box_breakout_long,candidate-bt-mnq-12mo-2026-04-13-1776091860000000000-opening_range_box_breakout_long,bt-mnq-12mo-2026-04-13-1776091860000000000,2026-04-13,1776091860000000000,2026-04-13T14:51:00.000000000Z,long,low,25311.75,25159.5,pt1:25464|pt2:25616.25,1776110340000000000,2026-04-13T19:59:00.000000000Z,25501,pt1_then_rth_close,308,189.25,378.5,2,376.5,238.5,29.5,
opening_range_box_regime_long,candidate-bt-mnq-12mo-2026-04-13-1776094140000000000-opening_range_box_regime_long,bt-mnq-12mo-2026-04-13-1776094140000000000,2026-04-13,1776094140000000000,2026-04-13T15:29:00.000000000Z,long,low,25311.75,25159.5,pt1:25464|pt2:25616.25,1776110340000000000,2026-04-13T19:59:00.000000000Z,25501,pt1_then_rth_close,270,189.25,378.5,2,376.5,238.5,29.5,
opening_range_box_breakout_long,candidate-bt-mnq-12mo-2026-04-15-1776261840000000000-opening_range_box_breakout_long,bt-mnq-12mo-2026-04-15-1776261840000000000,2026-04-15,1776261840000000000,2026-04-15T14:04:00.000000000Z,long,low,26074,25982.25,pt1:26165.75|pt2:26257.5,1776277860000000000,2026-04-15T18:31:00.000000000Z,26211.625,pt2,267,137.625,275.25,2,273.25,187,24,
opening_range_box_regime_long,candidate-bt-mnq-12mo-2026-04-15-1776261840000000000-opening_range_box_regime_long,bt-mnq-12mo-2026-04-15-1776261840000000000,2026-04-15,1776261840000000000,2026-04-15T14:04:00.000000000Z,long,low,26074,25982.25,pt1:26165.75|pt2:26257.5,1776277860000000000,2026-04-15T18:31:00.000000000Z,26211.625,pt2,267,137.625,275.25,2,273.25,187,24,
opening_range_box_breakout_long,candidate-bt-mnq-12mo-2026-04-16-1776352080000000000-opening_range_box_breakout_long,bt-mnq-12mo-2026-04-16-1776352080000000000,2026-04-16,1776352080000000000,2026-04-16T15:08:00.000000000Z,long,low,26454,26275.25,pt1:26632.75|pt2:26811.5,1776369540000000000,2026-04-16T19:59:00.000000000Z,26484,rth_close,291,30,60,2,58,108.75,99,
opening_range_box_regime_long,candidate-bt-mnq-12mo-2026-04-16-1776359100000000000-opening_range_box_regime_long,bt-mnq-12mo-2026-04-16-1776359100000000000,2026-04-16,1776359100000000000,2026-04-16T17:05:00.000000000Z,long,low,26454,26275.25,pt1:26632.75|pt2:26811.5,1776369540000000000,2026-04-16T19:59:00.000000000Z,26484,rth_close,174,30,60,2,58,55.75,99,
opening_range_box_breakout_long,candidate-bt-mnq-12mo-2026-04-17-1776436140000000000-opening_range_box_breakout_long,bt-mnq-12mo-2026-04-17-1776436140000000000,2026-04-17,1776436140000000000,2026-04-17T14:29:00.000000000Z,long,low,26739.5,26629,pt1:26850|pt2:26960.5,1776455940000000000,2026-04-17T19:59:00.000000000Z,26838.75,pt1_then_rth_close,330,99.25,198.5,2,196.5,143.5,3.5,
opening_range_box_regime_long,candidate-bt-mnq-12mo-2026-04-17-1776436140000000000-opening_range_box_regime_long,bt-mnq-12mo-2026-04-17-1776436140000000000,2026-04-17,1776436140000000000,2026-04-17T14:29:00.000000000Z,long,low,26739.5,26629,pt1:26850|pt2:26960.5,1776455940000000000,2026-04-17T19:59:00.000000000Z,26838.75,pt1_then_rth_close,330,99.25,198.5,2,196.5,143.5,3.5,
opening_range_box_regime_long,candidate-bt-mnq-12mo-2026-04-20-1776708480000000000-opening_range_box_regime_long,bt-mnq-12mo-2026-04-20-1776708480000000000,2026-04-20,1776708480000000000,2026-04-20T18:08:00.000000000Z,long,low,26723,26568.5,pt1:26877.5|pt2:27032,1776715140000000000,2026-04-20T19:59:00.000000000Z,26745.25,rth_close,111,22.25,44.5,2,42.5,29.25,27.5,
opening_range_box_breakout_long,candidate-bt-mnq-12mo-2026-04-21-1776780360000000000-opening_range_box_breakout_long,bt-mnq-12mo-2026-04-21-1776780360000000000,2026-04-21,1776780360000000000,2026-04-21T14:06:00.000000000Z,long,low,26842.25,26725.75,pt1:26958.75|pt2:27075.25,1776783600000000000,2026-04-21T15:00:00.000000000Z,26725.75,stop,54,-116.5,-233,2,-235,42.75,136.25,
opening_range_box_regime_long,candidate-bt-mnq-12mo-2026-04-21-1776780360000000000-opening_range_box_regime_long,bt-mnq-12mo-2026-04-21-1776780360000000000,2026-04-21,1776780360000000000,2026-04-21T14:06:00.000000000Z,long,low,26842.25,26725.75,pt1:26958.75|pt2:27075.25,1776783600000000000,2026-04-21T15:00:00.000000000Z,26725.75,stop,54,-116.5,-233,2,-235,42.75,136.25,
opening_range_box_breakout_long,candidate-bt-mnq-12mo-2026-04-22-1776866880000000000-opening_range_box_breakout_long,bt-mnq-12mo-2026-04-22-1776866880000000000,2026-04-22,1776866880000000000,2026-04-22T14:08:00.000000000Z,long,low,26893,26807.25,pt1:26978.75|pt2:27064.5,1776887220000000000,2026-04-22T19:47:00.000000000Z,27021.625,pt2,339,128.625,257.25,2,255.25,173.25,6.75,
opening_range_box_regime_long,candidate-bt-mnq-12mo-2026-04-22-1776867120000000000-opening_range_box_regime_long,bt-mnq-12mo-2026-04-22-1776867120000000000,2026-04-22,1776867120000000000,2026-04-22T14:12:00.000000000Z,long,low,26893,26807.25,pt1:26978.75|pt2:27064.5,1776887220000000000,2026-04-22T19:47:00.000000000Z,27021.625,pt2,335,128.625,257.25,2,255.25,173.25,2.5,
opening_range_box_breakout_long,candidate-bt-mnq-12mo-2026-04-23-1776956520000000000-opening_range_box_breakout_long,bt-mnq-12mo-2026-04-23-1776956520000000000,2026-04-23,1776956520000000000,2026-04-23T15:02:00.000000000Z,long,low,27103,26963.5,pt1:27242.5|pt2:27382,1776964140000000000,2026-04-23T17:09:00.000000000Z,26963.5,stop,127,-139.5,-279,2,-281,53,153,
opening_range_box_regime_long,candidate-bt-mnq-12mo-2026-04-23-1776956520000000000-opening_range_box_regime_long,bt-mnq-12mo-2026-04-23-1776956520000000000,2026-04-23,1776956520000000000,2026-04-23T15:02:00.000000000Z,long,low,27103,26963.5,pt1:27242.5|pt2:27382,1776964140000000000,2026-04-23T17:09:00.000000000Z,26963.5,stop,127,-139.5,-279,2,-281,53,153,
opening_range_box_breakout_long,candidate-bt-mnq-12mo-2026-04-27-1777311900000000000-opening_range_box_breakout_long,bt-mnq-12mo-2026-04-27-1777311900000000000,2026-04-27,1777311900000000000,2026-04-27T17:45:00.000000000Z,long,low,27430.25,27297.5,pt1:27563|pt2:27695.75,1777319940000000000,2026-04-27T19:59:00.000000000Z,27444.75,rth_close,134,14.5,29,2,27,22,40.5,
opening_range_box_regime_long,candidate-bt-mnq-12mo-2026-04-27-1777311900000000000-opening_range_box_regime_long,bt-mnq-12mo-2026-04-27-1777311900000000000,2026-04-27,1777311900000000000,2026-04-27T17:45:00.000000000Z,long,low,27430.25,27297.5,pt1:27563|pt2:27695.75,1777319940000000000,2026-04-27T19:59:00.000000000Z,27444.75,rth_close,134,14.5,29,2,27,22,40.5,
opening_range_box_regime_long,candidate-bt-mnq-12mo-2026-04-28-1777388340000000000-opening_range_box_regime_long,bt-mnq-12mo-2026-04-28-1777388340000000000,2026-04-28,1777388340000000000,2026-04-28T14:59:00.000000000Z,long,low,27091.5,27010,pt1:27173|pt2:27254.5,1777391340000000000,2026-04-28T15:49:00.000000000Z,27010,stop,50,-81.5,-163,2,-165,28.5,85.25,
opening_range_box_regime_long,candidate-bt-mnq-12mo-2026-04-28-1777393320000000000-opening_range_box_regime_long,bt-mnq-12mo-2026-04-28-1777393320000000000,2026-04-28,1777393320000000000,2026-04-28T16:22:00.000000000Z,long,low,27078.25,27005.75,pt1:27150.75|pt2:27223.25,1777403460000000000,2026-04-28T19:11:00.000000000Z,27187,pt2,169,108.75,217.5,2,215.5,146.5,52.25,
opening_range_box_regime_long,candidate-bt-mnq-12mo-2026-04-28-1777405320000000000-opening_range_box_regime_long,bt-mnq-12mo-2026-04-28-1777405320000000000,2026-04-28,1777405320000000000,2026-04-28T19:42:00.000000000Z,long,low,27180.25,27005.75,pt1:27354.75|pt2:27529.25,1777406340000000000,2026-04-28T19:59:00.000000000Z,27169.5,rth_close,17,-10.75,-21.5,2,-23.5,8.25,26,
opening_range_box_breakout_long,candidate-bt-mnq-12mo-2026-04-29-1777485300000000000-opening_range_box_breakout_long,bt-mnq-12mo-2026-04-29-1777485300000000000,2026-04-29,1777485300000000000,2026-04-29T17:55:00.000000000Z,long,low,27237.75,27123.75,pt1:27351.75|pt2:27465.75,1777492740000000000,2026-04-29T19:59:00.000000000Z,27334.75,rth_close,124,97,194,2,192,100.5,79.75,
opening_range_box_regime_long,candidate-bt-mnq-12mo-2026-04-29-1777485300000000000-opening_range_box_regime_long,bt-mnq-12mo-2026-04-29-1777485300000000000,2026-04-29,1777485300000000000,2026-04-29T17:55:00.000000000Z,long,low,27237.75,27123.75,pt1:27351.75|pt2:27465.75,1777492740000000000,2026-04-29T19:59:00.000000000Z,27334.75,rth_close,124,97,194,2,192,100.5,79.75,
opening_range_box_regime_long,candidate-bt-mnq-12mo-2026-04-30-1777558380000000000-opening_range_box_regime_long,bt-mnq-12mo-2026-04-30-1777558380000000000,2026-04-30,1777558380000000000,2026-04-30T14:13:00.000000000Z,long,low,27264.25,27200,pt1:27328.5|pt2:27392.75,1777558560000000000,2026-04-30T14:16:00.000000000Z,27200,stop,3,-64.25,-128.5,2,-130.5,4.5,98.75,
opening_range_box_regime_long,candidate-bt-mnq-12mo-2026-04-30-1777559100000000000-opening_range_box_regime_long,bt-mnq-12mo-2026-04-30-1777559100000000000,2026-04-30,1777559100000000000,2026-04-30T14:25:00.000000000Z,long,low,27211.5,27162.5,pt1:27260.5|pt2:27309.5,1777560660000000000,2026-04-30T14:51:00.000000000Z,27285,pt2,26,73.5,147,2,145,112.75,40,
opening_range_box_regime_long,candidate-bt-mnq-12mo-2026-04-30-1777562640000000000-opening_range_box_regime_long,bt-mnq-12mo-2026-04-30-1777562640000000000,2026-04-30,1777562640000000000,2026-04-30T15:24:00.000000000Z,long,low,27398,27162.5,pt1:27633.5|pt2:27869,1777579140000000000,2026-04-30T19:59:00.000000000Z,27578.25,rth_close,275,180.25,360.5,2,358.5,226.5,67,
opening_range_box_breakout_long,candidate-bt-mnq-12mo-2026-05-04-1777905120000000000-opening_range_box_breakout_long,bt-mnq-12mo-2026-05-04-1777905120000000000,2026-05-04,1777905120000000000,2026-05-04T14:32:00.000000000Z,long,low,27898,27807.75,pt1:27988.25|pt2:28078.5,1777907940000000000,2026-05-04T15:19:00.000000000Z,27807.75,stop,47,-90.25,-180.5,2,-182.5,43,125.25,
opening_range_box_regime_long,candidate-bt-mnq-12mo-2026-05-04-1777905120000000000-opening_range_box_regime_long,bt-mnq-12mo-2026-05-04-1777905120000000000,2026-05-04,1777905120000000000,2026-05-04T14:32:00.000000000Z,long,low,27898,27807.75,pt1:27988.25|pt2:28078.5,1777907940000000000,2026-05-04T15:19:00.000000000Z,27807.75,stop,47,-90.25,-180.5,2,-182.5,43,125.25,
opening_range_box_breakout_long,candidate-bt-mnq-12mo-2026-05-05-1777992180000000000-opening_range_box_breakout_long,bt-mnq-12mo-2026-05-05-1777992180000000000,2026-05-05,1777992180000000000,2026-05-05T14:43:00.000000000Z,long,low,28112.5,27970,pt1:28255|pt2:28397.5,1778011140000000000,2026-05-05T19:59:00.000000000Z,28135,rth_close,316,22.5,45,2,43,76.5,41,
opening_range_box_regime_long,candidate-bt-mnq-12mo-2026-05-05-1777992180000000000-opening_range_box_regime_long,bt-mnq-12mo-2026-05-05-1777992180000000000,2026-05-05,1777992180000000000,2026-05-05T14:43:00.000000000Z,long,low,28112.5,27970,pt1:28255|pt2:28397.5,1778011140000000000,2026-05-05T19:59:00.000000000Z,28135,rth_close,316,22.5,45,2,43,76.5,41,
opening_range_box_breakout_long,candidate-bt-mnq-12mo-2026-05-08-1778249880000000000-opening_range_box_breakout_long,bt-mnq-12mo-2026-05-08-1778249880000000000,2026-05-08,1778249880000000000,2026-05-08T14:18:00.000000000Z,long,low,29111.25,28863,pt1:29359.5|pt2:29607.75,1778270340000000000,2026-05-08T19:59:00.000000000Z,29339.5,rth_close,341,228.25,456.5,2,454.5,229.5,38.25,
opening_range_box_regime_long,candidate-bt-mnq-12mo-2026-05-08-1778249880000000000-opening_range_box_regime_long,bt-mnq-12mo-2026-05-08-1778249880000000000,2026-05-08,1778249880000000000,2026-05-08T14:18:00.000000000Z,long,low,29111.25,28863,pt1:29359.5|pt2:29607.75,1778270340000000000,2026-05-08T19:59:00.000000000Z,29339.5,rth_close,341,228.25,456.5,2,454.5,229.5,38.25,
opening_range_box_regime_long,candidate-bt-mnq-12mo-2026-05-12-1778595240000000000-opening_range_box_regime_long,bt-mnq-12mo-2026-05-12-1778595240000000000,2026-05-12,1778595240000000000,2026-05-12T14:14:00.000000000Z,long,low,29191,29087.5,pt1:29294.5|pt2:29398,1778596140000000000,2026-05-12T14:29:00.000000000Z,29087.5,stop,15,-103.5,-207,2,-209,36.25,110,
opening_range_box_breakout_long,candidate-bt-mnq-12mo-2026-05-15-1778855340000000000-opening_range_box_breakout_long,bt-mnq-12mo-2026-05-15-1778855340000000000,2026-05-15,1778855340000000000,2026-05-15T14:29:00.000000000Z,long,low,29292.25,29089,pt1:29495.5|pt2:29698.75,1778875140000000000,2026-05-15T19:59:00.000000000Z,29231,rth_close,330,-61.25,-122.5,2,-124.5,194.75,84.25,
opening_range_box_regime_long,candidate-bt-mnq-12mo-2026-05-15-1778855340000000000-opening_range_box_regime_long,bt-mnq-12mo-2026-05-15-1778855340000000000,2026-05-15,1778855340000000000,2026-05-15T14:29:00.000000000Z,long,low,29292.25,29089,pt1:29495.5|pt2:29698.75,1778875140000000000,2026-05-15T19:59:00.000000000Z,29231,rth_close,330,-61.25,-122.5,2,-124.5,194.75,84.25,
opening_range_box_breakout_short,candidate-bt-mnq-12mo-2026-05-19-1779203700000000000-opening_range_box_breakout_short,bt-mnq-12mo-2026-05-19-1779203700000000000,2026-05-19,1779203700000000000,2026-05-19T15:15:00.000000000Z,short,high,28843.25,29068.5,pt1:28618|pt2:28392.75,1779210540000000000,2026-05-19T17:09:00.000000000Z,29068.5,stop,114,-225.25,-450.5,2,-452.5,116.25,229,
opening_range_box_regime_long,candidate-bt-mnq-12mo-2026-05-21-1779374220000000000-opening_range_box_regime_long,bt-mnq-12mo-2026-05-21-1779374220000000000,2026-05-21,1779374220000000000,2026-05-21T14:37:00.000000000Z,long,low,29245,29126.75,pt1:29363.25|pt2:29481.5,1779385200000000000,2026-05-21T17:40:00.000000000Z,29422.375,pt2,183,177.375,354.75,2,352.75,242,107,
opening_range_box_regime_long,candidate-bt-mnq-12mo-2026-05-21-1779389760000000000-opening_range_box_regime_long,bt-mnq-12mo-2026-05-21-1779389760000000000,2026-05-21,1779389760000000000,2026-05-21T18:56:00.000000000Z,long,low,29302,29126.75,pt1:29477.25|pt2:29652.5,1779393540000000000,2026-05-21T19:59:00.000000000Z,29445.75,rth_close,63,143.75,287.5,2,285.5,161.25,4,
opening_range_box_regime_long,candidate-bt-mnq-12mo-2026-05-25-1779722520000000000-opening_range_box_regime_long,bt-mnq-12mo-2026-05-25-1779722520000000000,2026-05-25,1779722520000000000,2026-05-25T15:22:00.000000000Z,long,low,29956,29908.25,pt1:30003.75|pt2:30051.5,1779728340000000000,2026-05-25T16:59:00.000000000Z,29963,rth_close,97,7,14,2,12,11.75,43,
opening_range_box_breakout_long,candidate-bt-mnq-12mo-2026-05-26-1779804000000000000-opening_range_box_breakout_long,bt-mnq-12mo-2026-05-26-1779804000000000000,2026-05-26,1779804000000000000,2026-05-26T14:00:00.000000000Z,long,low,30006.75,29826,pt1:30187.5|pt2:30368.25,1779825540000000000,2026-05-26T19:59:00.000000000Z,30079.25,rth_close,359,72.5,145,2,143,112.25,121.25,
opening_range_box_regime_long,candidate-bt-mnq-12mo-2026-05-26-1779804000000000000-opening_range_box_regime_long,bt-mnq-12mo-2026-05-26-1779804000000000000,2026-05-26,1779804000000000000,2026-05-26T14:00:00.000000000Z,long,low,30006.75,29826,pt1:30187.5|pt2:30368.25,1779825540000000000,2026-05-26T19:59:00.000000000Z,30079.25,rth_close,359,72.5,145,2,143,112.25,121.25,
opening_range_box_regime_long,candidate-bt-mnq-12mo-2026-05-27-1779892800000000000-opening_range_box_regime_long,bt-mnq-12mo-2026-05-27-1779892800000000000,2026-05-27,1779892800000000000,2026-05-27T14:40:00.000000000Z,long,low,30016.75,29875.5,pt1:30158|pt2:30299.25,1779911940000000000,2026-05-27T19:59:00.000000000Z,30047.5,rth_close,319,30.75,61.5,2,59.5,54.25,139.5,
opening_range_box_breakout_short,candidate-bt-mnq-12mo-2026-05-29-1780066980000000000-opening_range_box_breakout_short,bt-mnq-12mo-2026-05-29-1780066980000000000,2026-05-29,1780066980000000000,2026-05-29T15:03:00.000000000Z,short,high,30365,30521,pt1:30209|pt2:30053,1780084740000000000,2026-05-29T19:59:00.000000000Z,30397.25,rth_close,296,-32.25,-64.5,2,-66.5,74,83,
opening_range_box_regime_long,candidate-bt-mnq-12mo-2026-06-01-1780323360000000000-opening_range_box_regime_long,bt-mnq-12mo-2026-06-01-1780323360000000000,2026-06-01,1780323360000000000,2026-06-01T14:16:00.000000000Z,long,low,30391.25,30294.5,pt1:30488|pt2:30584.75,1780333200000000000,2026-06-01T17:00:00.000000000Z,30536.375,pt2,164,145.125,290.25,2,288.25,193.75,43.5,
opening_range_box_breakout_long,candidate-bt-mnq-12mo-2026-06-01-1780327080000000000-opening_range_box_breakout_long,bt-mnq-12mo-2026-06-01-1780327080000000000,2026-06-01,1780327080000000000,2026-06-01T15:18:00.000000000Z,long,low,30467.75,30304.5,pt1:30631|pt2:30794.25,1780343940000000000,2026-06-01T19:59:00.000000000Z,30601.125,pt1_then_rth_close,281,133.375,266.75,2,264.75,224.25,17.75,
opening_range_box_regime_long,candidate-bt-mnq-12mo-2026-06-04-1780582080000000000-opening_range_box_regime_long,bt-mnq-12mo-2026-06-04-1780582080000000000,2026-06-04,1780582080000000000,2026-06-04T14:08:00.000000000Z,long,low,30199.25,30151.75,pt1:30246.75|pt2:30294.25,1780582500000000000,2026-06-04T14:15:00.000000000Z,30270.5,pt2,7,71.25,142.5,2,140.5,97.25,23,
opening_range_box_regime_long,candidate-bt-mnq-12mo-2026-06-04-1780582560000000000-opening_range_box_regime_long,bt-mnq-12mo-2026-06-04-1780582560000000000,2026-06-04,1780582560000000000,2026-06-04T14:16:00.000000000Z,long,low,30294.5,30151.75,pt1:30437.25|pt2:30580,1780596240000000000,2026-06-04T18:04:00.000000000Z,30508.625,pt2,228,214.125,428.25,2,426.25,286.25,43.25,
opening_range_box_breakout_short,candidate-bt-mnq-12mo-2026-06-05-1780671960000000000-opening_range_box_breakout_short,bt-mnq-12mo-2026-06-05-1780671960000000000,2026-06-05,1780671960000000000,2026-06-05T15:06:00.000000000Z,short,high,29770,30101.25,pt1:29438.75|pt2:29107.5,1780685280000000000,2026-06-05T18:48:00.000000000Z,29273.125,pt2,222,496.875,993.75,2,991.75,669.75,27.5,
opening_range_box_breakout_short,candidate-bt-mnq-12mo-2026-06-09-1781014140000000000-opening_range_box_breakout_short,bt-mnq-12mo-2026-06-09-1781014140000000000,2026-06-09,1781014140000000000,2026-06-09T14:09:00.000000000Z,short,high,29632.75,29847.5,pt1:29418|pt2:29203.25,1781016420000000000,2026-06-09T14:47:00.000000000Z,29310.625,pt2,38,322.125,644.25,2,642.25,477,0,
opening_range_box_breakout_short,candidate-bt-mnq-12mo-2026-06-10-1781106000000000000-opening_range_box_breakout_short,bt-mnq-12mo-2026-06-10-1781106000000000000,2026-06-10,1781106000000000000,2026-06-10T15:40:00.000000000Z,short,high,28771.25,29162.75,pt1:28379.75|pt2:27988.25,1781121540000000000,2026-06-10T19:59:00.000000000Z,28528.75,rth_close,259,242.5,485,2,483,277.75,125.5,
opening_range_box_breakout_short,candidate-bt-mnq-12mo-2026-06-11-1781189940000000000-opening_range_box_breakout_short,bt-mnq-12mo-2026-06-11-1781189940000000000,2026-06-11,1781189940000000000,2026-06-11T14:59:00.000000000Z,short,high,28650.5,29015.25,pt1:28285.75|pt2:27921,1781198940000000000,2026-06-11T17:29:00.000000000Z,29015.25,stop,150,-364.75,-729.5,2,-731.5,73,442.75,
opening_range_box_breakout_long,candidate-bt-mnq-12mo-2026-06-19-1781881020000000000-opening_range_box_breakout_long,bt-mnq-12mo-2026-06-19-1781881020000000000,2026-06-19,1781881020000000000,2026-06-19T14:57:00.000000000Z,long,low,30696.5,30633.25,pt1:30759.75|pt2:30823,1781888340000000000,2026-06-19T16:59:00.000000000Z,30651,rth_close,122,-45.5,-91,2,-93,8.5,60,
opening_range_box_regime_long,candidate-bt-mnq-12mo-2026-06-19-1781881020000000000-opening_range_box_regime_long,bt-mnq-12mo-2026-06-19-1781881020000000000,2026-06-19,1781881020000000000,2026-06-19T14:57:00.000000000Z,long,low,30696.5,30633.25,pt1:30759.75|pt2:30823,1781888340000000000,2026-06-19T16:59:00.000000000Z,30651,rth_close,122,-45.5,-91,2,-93,8.5,60,
